--
-- PostgreSQL database cluster dump
--

SET default_transaction_read_only = off;

SET client_encoding = 'UTF8';
SET standard_conforming_strings = on;

--
-- Drop databases (except postgres and template1)
--

DROP DATABASE fastfood;




--
-- Drop roles
--

DROP ROLE postgres;


--
-- Roles
--

CREATE ROLE postgres;
ALTER ROLE postgres WITH SUPERUSER INHERIT CREATEROLE CREATEDB LOGIN REPLICATION BYPASSRLS PASSWORD 'SCRAM-SHA-256$4096:m3qC2bso0SdjG7BoMhjm0w==$pYIV9c0oYl3m/nEJr7PF38oY8kCDIPeddGBLgTCVsN8=:9u5nCSU7ryeqPn2eg+Q2drf6lCAQOQBDDI94JyNp5Xs=';

--
-- User Configurations
--








--
-- Databases
--

--
-- Database "template1" dump
--

--
-- PostgreSQL database dump
--

-- Dumped from database version 15.2 (Debian 15.2-1.pgdg110+1)
-- Dumped by pg_dump version 15.2 (Debian 15.2-1.pgdg110+1)

SET statement_timeout = 0;
SET lock_timeout = 0;
SET idle_in_transaction_session_timeout = 0;
SET client_encoding = 'UTF8';
SET standard_conforming_strings = on;
SELECT pg_catalog.set_config('search_path', '', false);
SET check_function_bodies = false;
SET xmloption = content;
SET client_min_messages = warning;
SET row_security = off;

UPDATE pg_catalog.pg_database SET datistemplate = false WHERE datname = 'template1';
DROP DATABASE template1;
--
-- Name: template1; Type: DATABASE; Schema: -; Owner: postgres
--

CREATE DATABASE template1 WITH TEMPLATE = template0 ENCODING = 'UTF8' LOCALE_PROVIDER = libc LOCALE = 'en_US.utf8';


ALTER DATABASE template1 OWNER TO postgres;

\connect template1

SET statement_timeout = 0;
SET lock_timeout = 0;
SET idle_in_transaction_session_timeout = 0;
SET client_encoding = 'UTF8';
SET standard_conforming_strings = on;
SELECT pg_catalog.set_config('search_path', '', false);
SET check_function_bodies = false;
SET xmloption = content;
SET client_min_messages = warning;
SET row_security = off;

--
-- Name: DATABASE template1; Type: COMMENT; Schema: -; Owner: postgres
--

COMMENT ON DATABASE template1 IS 'default template for new databases';


--
-- Name: template1; Type: DATABASE PROPERTIES; Schema: -; Owner: postgres
--

ALTER DATABASE template1 IS_TEMPLATE = true;


\connect template1

SET statement_timeout = 0;
SET lock_timeout = 0;
SET idle_in_transaction_session_timeout = 0;
SET client_encoding = 'UTF8';
SET standard_conforming_strings = on;
SELECT pg_catalog.set_config('search_path', '', false);
SET check_function_bodies = false;
SET xmloption = content;
SET client_min_messages = warning;
SET row_security = off;

--
-- Name: DATABASE template1; Type: ACL; Schema: -; Owner: postgres
--

REVOKE CONNECT,TEMPORARY ON DATABASE template1 FROM PUBLIC;
GRANT CONNECT ON DATABASE template1 TO PUBLIC;


--
-- PostgreSQL database dump complete
--

--
-- Database "fastfood" dump
--

--
-- PostgreSQL database dump
--

-- Dumped from database version 15.2 (Debian 15.2-1.pgdg110+1)
-- Dumped by pg_dump version 15.2 (Debian 15.2-1.pgdg110+1)

SET statement_timeout = 0;
SET lock_timeout = 0;
SET idle_in_transaction_session_timeout = 0;
SET client_encoding = 'UTF8';
SET standard_conforming_strings = on;
SELECT pg_catalog.set_config('search_path', '', false);
SET check_function_bodies = false;
SET xmloption = content;
SET client_min_messages = warning;
SET row_security = off;

--
-- Name: fastfood; Type: DATABASE; Schema: -; Owner: postgres
--

CREATE DATABASE fastfood WITH TEMPLATE = template0 ENCODING = 'UTF8' LOCALE_PROVIDER = libc LOCALE = 'en_US.utf8';


ALTER DATABASE fastfood OWNER TO postgres;

\connect fastfood

SET statement_timeout = 0;
SET lock_timeout = 0;
SET idle_in_transaction_session_timeout = 0;
SET client_encoding = 'UTF8';
SET standard_conforming_strings = on;
SELECT pg_catalog.set_config('search_path', '', false);
SET check_function_bodies = false;
SET xmloption = content;
SET client_min_messages = warning;
SET row_security = off;

SET default_tablespace = '';

SET default_table_access_method = heap;

--
-- Name: auth_group; Type: TABLE; Schema: public; Owner: postgres
--

CREATE TABLE public.auth_group (
    id integer NOT NULL,
    name character varying(150) NOT NULL
);


ALTER TABLE public.auth_group OWNER TO postgres;

--
-- Name: auth_group_id_seq; Type: SEQUENCE; Schema: public; Owner: postgres
--

ALTER TABLE public.auth_group ALTER COLUMN id ADD GENERATED BY DEFAULT AS IDENTITY (
    SEQUENCE NAME public.auth_group_id_seq
    START WITH 1
    INCREMENT BY 1
    NO MINVALUE
    NO MAXVALUE
    CACHE 1
);


--
-- Name: auth_group_permissions; Type: TABLE; Schema: public; Owner: postgres
--

CREATE TABLE public.auth_group_permissions (
    id bigint NOT NULL,
    group_id integer NOT NULL,
    permission_id integer NOT NULL
);


ALTER TABLE public.auth_group_permissions OWNER TO postgres;

--
-- Name: auth_group_permissions_id_seq; Type: SEQUENCE; Schema: public; Owner: postgres
--

ALTER TABLE public.auth_group_permissions ALTER COLUMN id ADD GENERATED BY DEFAULT AS IDENTITY (
    SEQUENCE NAME public.auth_group_permissions_id_seq
    START WITH 1
    INCREMENT BY 1
    NO MINVALUE
    NO MAXVALUE
    CACHE 1
);


--
-- Name: auth_permission; Type: TABLE; Schema: public; Owner: postgres
--

CREATE TABLE public.auth_permission (
    id integer NOT NULL,
    name character varying(255) NOT NULL,
    content_type_id integer NOT NULL,
    codename character varying(100) NOT NULL
);


ALTER TABLE public.auth_permission OWNER TO postgres;

--
-- Name: auth_permission_id_seq; Type: SEQUENCE; Schema: public; Owner: postgres
--

ALTER TABLE public.auth_permission ALTER COLUMN id ADD GENERATED BY DEFAULT AS IDENTITY (
    SEQUENCE NAME public.auth_permission_id_seq
    START WITH 1
    INCREMENT BY 1
    NO MINVALUE
    NO MAXVALUE
    CACHE 1
);


--
-- Name: django_admin_log; Type: TABLE; Schema: public; Owner: postgres
--

CREATE TABLE public.django_admin_log (
    id integer NOT NULL,
    action_time timestamp with time zone NOT NULL,
    object_id text,
    object_repr character varying(200) NOT NULL,
    action_flag smallint NOT NULL,
    change_message text NOT NULL,
    content_type_id integer,
    user_id bigint NOT NULL,
    CONSTRAINT django_admin_log_action_flag_check CHECK ((action_flag >= 0))
);


ALTER TABLE public.django_admin_log OWNER TO postgres;

--
-- Name: django_admin_log_id_seq; Type: SEQUENCE; Schema: public; Owner: postgres
--

ALTER TABLE public.django_admin_log ALTER COLUMN id ADD GENERATED BY DEFAULT AS IDENTITY (
    SEQUENCE NAME public.django_admin_log_id_seq
    START WITH 1
    INCREMENT BY 1
    NO MINVALUE
    NO MAXVALUE
    CACHE 1
);


--
-- Name: django_content_type; Type: TABLE; Schema: public; Owner: postgres
--

CREATE TABLE public.django_content_type (
    id integer NOT NULL,
    app_label character varying(100) NOT NULL,
    model character varying(100) NOT NULL
);


ALTER TABLE public.django_content_type OWNER TO postgres;

--
-- Name: django_content_type_id_seq; Type: SEQUENCE; Schema: public; Owner: postgres
--

ALTER TABLE public.django_content_type ALTER COLUMN id ADD GENERATED BY DEFAULT AS IDENTITY (
    SEQUENCE NAME public.django_content_type_id_seq
    START WITH 1
    INCREMENT BY 1
    NO MINVALUE
    NO MAXVALUE
    CACHE 1
);


--
-- Name: django_migrations; Type: TABLE; Schema: public; Owner: postgres
--

CREATE TABLE public.django_migrations (
    id bigint NOT NULL,
    app character varying(255) NOT NULL,
    name character varying(255) NOT NULL,
    applied timestamp with time zone NOT NULL
);


ALTER TABLE public.django_migrations OWNER TO postgres;

--
-- Name: django_migrations_id_seq; Type: SEQUENCE; Schema: public; Owner: postgres
--

ALTER TABLE public.django_migrations ALTER COLUMN id ADD GENERATED BY DEFAULT AS IDENTITY (
    SEQUENCE NAME public.django_migrations_id_seq
    START WITH 1
    INCREMENT BY 1
    NO MINVALUE
    NO MAXVALUE
    CACHE 1
);


--
-- Name: django_session; Type: TABLE; Schema: public; Owner: postgres
--

CREATE TABLE public.django_session (
    session_key character varying(40) NOT NULL,
    session_data text NOT NULL,
    expire_date timestamp with time zone NOT NULL
);


ALTER TABLE public.django_session OWNER TO postgres;

--
-- Name: orders_order; Type: TABLE; Schema: public; Owner: postgres
--

CREATE TABLE public.orders_order (
    id bigint NOT NULL,
    created_at timestamp with time zone NOT NULL,
    user_id bigint,
    address_id bigint,
    is_accepted boolean NOT NULL,
    is_delivered boolean NOT NULL,
    is_delivering boolean NOT NULL,
    is_processing boolean NOT NULL
);


ALTER TABLE public.orders_order OWNER TO postgres;

--
-- Name: orders_order_id_seq; Type: SEQUENCE; Schema: public; Owner: postgres
--

ALTER TABLE public.orders_order ALTER COLUMN id ADD GENERATED BY DEFAULT AS IDENTITY (
    SEQUENCE NAME public.orders_order_id_seq
    START WITH 1
    INCREMENT BY 1
    NO MINVALUE
    NO MAXVALUE
    CACHE 1
);


--
-- Name: orders_orderitem; Type: TABLE; Schema: public; Owner: postgres
--

CREATE TABLE public.orders_orderitem (
    id bigint NOT NULL,
    amount smallint NOT NULL,
    order_id bigint NOT NULL,
    product_id bigint NOT NULL
);


ALTER TABLE public.orders_orderitem OWNER TO postgres;

--
-- Name: orders_orderitem_id_seq; Type: SEQUENCE; Schema: public; Owner: postgres
--

ALTER TABLE public.orders_orderitem ALTER COLUMN id ADD GENERATED BY DEFAULT AS IDENTITY (
    SEQUENCE NAME public.orders_orderitem_id_seq
    START WITH 1
    INCREMENT BY 1
    NO MINVALUE
    NO MAXVALUE
    CACHE 1
);


--
-- Name: orders_selectedattribute; Type: TABLE; Schema: public; Owner: postgres
--

CREATE TABLE public.orders_selectedattribute (
    id bigint NOT NULL,
    attribute_value_id bigint NOT NULL,
    order_item_id bigint NOT NULL
);


ALTER TABLE public.orders_selectedattribute OWNER TO postgres;

--
-- Name: orders_selectedattribute_id_seq; Type: SEQUENCE; Schema: public; Owner: postgres
--

ALTER TABLE public.orders_selectedattribute ALTER COLUMN id ADD GENERATED BY DEFAULT AS IDENTITY (
    SEQUENCE NAME public.orders_selectedattribute_id_seq
    START WITH 1
    INCREMENT BY 1
    NO MINVALUE
    NO MAXVALUE
    CACHE 1
);


--
-- Name: products_attribute; Type: TABLE; Schema: public; Owner: postgres
--

CREATE TABLE public.products_attribute (
    id bigint NOT NULL,
    title character varying(64) NOT NULL,
    title_ukr character varying(64) NOT NULL
);


ALTER TABLE public.products_attribute OWNER TO postgres;

--
-- Name: products_attribute_id_seq; Type: SEQUENCE; Schema: public; Owner: postgres
--

ALTER TABLE public.products_attribute ALTER COLUMN id ADD GENERATED BY DEFAULT AS IDENTITY (
    SEQUENCE NAME public.products_attribute_id_seq
    START WITH 1
    INCREMENT BY 1
    NO MINVALUE
    NO MAXVALUE
    CACHE 1
);


--
-- Name: products_attributevalue; Type: TABLE; Schema: public; Owner: postgres
--

CREATE TABLE public.products_attributevalue (
    id bigint NOT NULL,
    value character varying(128) NOT NULL,
    value_ukr character varying(128) NOT NULL,
    price_addition smallint NOT NULL,
    attribute_id bigint NOT NULL,
    category_id bigint NOT NULL
);


ALTER TABLE public.products_attributevalue OWNER TO postgres;

--
-- Name: products_attributevalue_id_seq; Type: SEQUENCE; Schema: public; Owner: postgres
--

ALTER TABLE public.products_attributevalue ALTER COLUMN id ADD GENERATED BY DEFAULT AS IDENTITY (
    SEQUENCE NAME public.products_attributevalue_id_seq
    START WITH 1
    INCREMENT BY 1
    NO MINVALUE
    NO MAXVALUE
    CACHE 1
);


--
-- Name: products_category; Type: TABLE; Schema: public; Owner: postgres
--

CREATE TABLE public.products_category (
    id bigint NOT NULL,
    title character varying(64) NOT NULL,
    title_ukr character varying(64) NOT NULL
);


ALTER TABLE public.products_category OWNER TO postgres;

--
-- Name: products_category_id_seq; Type: SEQUENCE; Schema: public; Owner: postgres
--

ALTER TABLE public.products_category ALTER COLUMN id ADD GENERATED BY DEFAULT AS IDENTITY (
    SEQUENCE NAME public.products_category_id_seq
    START WITH 1
    INCREMENT BY 1
    NO MINVALUE
    NO MAXVALUE
    CACHE 1
);


--
-- Name: products_product; Type: TABLE; Schema: public; Owner: postgres
--

CREATE TABLE public.products_product (
    id bigint NOT NULL,
    title character varying(128) NOT NULL,
    title_ukr character varying(128) NOT NULL,
    description text NOT NULL,
    description_ukr text NOT NULL,
    price integer NOT NULL,
    image_url character varying(200) NOT NULL,
    slug character varying(50) NOT NULL,
    rating smallint NOT NULL,
    stock integer NOT NULL,
    category_id bigint NOT NULL
);


ALTER TABLE public.products_product OWNER TO postgres;

--
-- Name: products_product_id_seq; Type: SEQUENCE; Schema: public; Owner: postgres
--

ALTER TABLE public.products_product ALTER COLUMN id ADD GENERATED BY DEFAULT AS IDENTITY (
    SEQUENCE NAME public.products_product_id_seq
    START WITH 1
    INCREMENT BY 1
    NO MINVALUE
    NO MAXVALUE
    CACHE 1
);


--
-- Name: users_address; Type: TABLE; Schema: public; Owner: postgres
--

CREATE TABLE public.users_address (
    id bigint NOT NULL,
    street_address character varying(100) NOT NULL,
    city character varying(50) NOT NULL,
    zip_code character varying(10) NOT NULL,
    user_id bigint NOT NULL
);


ALTER TABLE public.users_address OWNER TO postgres;

--
-- Name: users_address_id_seq; Type: SEQUENCE; Schema: public; Owner: postgres
--

ALTER TABLE public.users_address ALTER COLUMN id ADD GENERATED BY DEFAULT AS IDENTITY (
    SEQUENCE NAME public.users_address_id_seq
    START WITH 1
    INCREMENT BY 1
    NO MINVALUE
    NO MAXVALUE
    CACHE 1
);


--
-- Name: users_preferred; Type: TABLE; Schema: public; Owner: postgres
--

CREATE TABLE public.users_preferred (
    id bigint NOT NULL,
    product_id bigint NOT NULL,
    user_id bigint NOT NULL
);


ALTER TABLE public.users_preferred OWNER TO postgres;

--
-- Name: users_preferred_id_seq; Type: SEQUENCE; Schema: public; Owner: postgres
--

ALTER TABLE public.users_preferred ALTER COLUMN id ADD GENERATED BY DEFAULT AS IDENTITY (
    SEQUENCE NAME public.users_preferred_id_seq
    START WITH 1
    INCREMENT BY 1
    NO MINVALUE
    NO MAXVALUE
    CACHE 1
);


--
-- Name: users_user; Type: TABLE; Schema: public; Owner: postgres
--

CREATE TABLE public.users_user (
    id bigint NOT NULL,
    password character varying(128) NOT NULL,
    last_login timestamp with time zone,
    is_superuser boolean NOT NULL,
    email character varying(254),
    phone_number character varying(128),
    first_name character varying(32) NOT NULL,
    last_name character varying(32) NOT NULL,
    date_joined timestamp with time zone NOT NULL,
    is_active boolean NOT NULL,
    is_staff boolean NOT NULL
);


ALTER TABLE public.users_user OWNER TO postgres;

--
-- Name: users_user_groups; Type: TABLE; Schema: public; Owner: postgres
--

CREATE TABLE public.users_user_groups (
    id bigint NOT NULL,
    user_id bigint NOT NULL,
    group_id integer NOT NULL
);


ALTER TABLE public.users_user_groups OWNER TO postgres;

--
-- Name: users_user_groups_id_seq; Type: SEQUENCE; Schema: public; Owner: postgres
--

ALTER TABLE public.users_user_groups ALTER COLUMN id ADD GENERATED BY DEFAULT AS IDENTITY (
    SEQUENCE NAME public.users_user_groups_id_seq
    START WITH 1
    INCREMENT BY 1
    NO MINVALUE
    NO MAXVALUE
    CACHE 1
);


--
-- Name: users_user_id_seq; Type: SEQUENCE; Schema: public; Owner: postgres
--

ALTER TABLE public.users_user ALTER COLUMN id ADD GENERATED BY DEFAULT AS IDENTITY (
    SEQUENCE NAME public.users_user_id_seq
    START WITH 1
    INCREMENT BY 1
    NO MINVALUE
    NO MAXVALUE
    CACHE 1
);


--
-- Name: users_user_user_permissions; Type: TABLE; Schema: public; Owner: postgres
--

CREATE TABLE public.users_user_user_permissions (
    id bigint NOT NULL,
    user_id bigint NOT NULL,
    permission_id integer NOT NULL
);


ALTER TABLE public.users_user_user_permissions OWNER TO postgres;

--
-- Name: users_user_user_permissions_id_seq; Type: SEQUENCE; Schema: public; Owner: postgres
--

ALTER TABLE public.users_user_user_permissions ALTER COLUMN id ADD GENERATED BY DEFAULT AS IDENTITY (
    SEQUENCE NAME public.users_user_user_permissions_id_seq
    START WITH 1
    INCREMENT BY 1
    NO MINVALUE
    NO MAXVALUE
    CACHE 1
);


--
-- Data for Name: auth_group; Type: TABLE DATA; Schema: public; Owner: postgres
--

COPY public.auth_group (id, name) FROM stdin;
\.


--
-- Data for Name: auth_group_permissions; Type: TABLE DATA; Schema: public; Owner: postgres
--

COPY public.auth_group_permissions (id, group_id, permission_id) FROM stdin;
\.


--
-- Data for Name: auth_permission; Type: TABLE DATA; Schema: public; Owner: postgres
--

COPY public.auth_permission (id, name, content_type_id, codename) FROM stdin;
1	Can add log entry	1	add_logentry
2	Can change log entry	1	change_logentry
3	Can delete log entry	1	delete_logentry
4	Can view log entry	1	view_logentry
5	Can add permission	2	add_permission
6	Can change permission	2	change_permission
7	Can delete permission	2	delete_permission
8	Can view permission	2	view_permission
9	Can add group	3	add_group
10	Can change group	3	change_group
11	Can delete group	3	delete_group
12	Can view group	3	view_group
13	Can add content type	4	add_contenttype
14	Can change content type	4	change_contenttype
15	Can delete content type	4	delete_contenttype
16	Can view content type	4	view_contenttype
17	Can add session	5	add_session
18	Can change session	5	change_session
19	Can delete session	5	delete_session
20	Can view session	5	view_session
21	Can add Attribute	6	add_attribute
22	Can change Attribute	6	change_attribute
23	Can delete Attribute	6	delete_attribute
24	Can view Attribute	6	view_attribute
25	Can add Category	7	add_category
26	Can change Category	7	change_category
27	Can delete Category	7	delete_category
28	Can view Category	7	view_category
29	Can add Product	8	add_product
30	Can change Product	8	change_product
31	Can delete Product	8	delete_product
32	Can view Product	8	view_product
33	Can add Attribute Value	9	add_attributevalue
34	Can change Attribute Value	9	change_attributevalue
35	Can delete Attribute Value	9	delete_attributevalue
36	Can view Attribute Value	9	view_attributevalue
37	Can add order	10	add_order
38	Can change order	10	change_order
39	Can delete order	10	delete_order
40	Can view order	10	view_order
41	Can add order item	11	add_orderitem
42	Can change order item	11	change_orderitem
43	Can delete order item	11	delete_orderitem
44	Can view order item	11	view_orderitem
45	Can add user	12	add_user
46	Can change user	12	change_user
47	Can delete user	12	delete_user
48	Can view user	12	view_user
49	Can add preferred	13	add_preferred
50	Can change preferred	13	change_preferred
51	Can delete preferred	13	delete_preferred
52	Can view preferred	13	view_preferred
53	Can add address	14	add_address
54	Can change address	14	change_address
55	Can delete address	14	delete_address
56	Can view address	14	view_address
57	Can add selected attribute	15	add_selectedattribute
58	Can change selected attribute	15	change_selectedattribute
59	Can delete selected attribute	15	delete_selectedattribute
60	Can view selected attribute	15	view_selectedattribute
\.


--
-- Data for Name: django_admin_log; Type: TABLE DATA; Schema: public; Owner: postgres
--

COPY public.django_admin_log (id, action_time, object_id, object_repr, action_flag, change_message, content_type_id, user_id) FROM stdin;
1	2023-04-28 19:42:58.305717+00	5	Cheese	1	[{"added": {}}]	8	1
2	2023-04-28 19:46:36.252567+00	6	Fresh pepperoni	1	[{"added": {}}]	8	1
3	2023-04-28 19:49:46.440186+00	7	Fresh chorizo	1	[{"added": {}}]	8	1
4	2023-04-28 19:50:52.893824+00	3	Cheese chicken	2	[{"changed": {"fields": ["Slug", "Rating", "Stock"]}}]	8	1
5	2023-04-28 19:50:54.601095+00	3	Cheese chicken	2	[]	8	1
6	2023-04-28 19:51:31.755235+00	1	Double Chicken	2	[{"changed": {"fields": ["Slug", "Rating", "Stock"]}}]	8	1
7	2023-04-28 19:57:18.122231+00	8	Burger-pizza	1	[{"added": {}}]	8	1
8	2023-04-28 19:58:40.952138+00	9	Barbecue chicken	1	[{"added": {}}]	8	1
9	2023-04-28 20:00:36.322784+00	10	Ham and cheese	1	[{"added": {}}]	8	1
10	2023-04-28 20:02:07.509039+00	11	Meaty	1	[{"added": {}}]	8	1
11	2023-04-28 20:04:13.954694+00	12	Chicken curry	1	[{"added": {}}]	8	1
12	2023-04-28 20:06:32.81432+00	13	Four cheeses	1	[{"added": {}}]	8	1
13	2023-04-28 20:08:26.10151+00	14	Four seasons	1	[{"added": {}}]	8	1
14	2023-04-28 20:10:16.226456+00	15	Ham and mushrooms	1	[{"added": {}}]	8	1
15	2023-04-28 20:12:45.461125+00	16	Homemade	1	[{"added": {}}]	8	1
16	2023-04-28 20:14:21.978824+00	17	Margarita	1	[{"added": {}}]	8	1
17	2023-04-28 20:16:05.207497+00	18	Diablo	1	[{"added": {}}]	8	1
18	2023-04-28 20:18:32.864257+00	19	BBQ sausages	1	[{"added": {}}]	8	1
19	2023-04-28 20:19:56.849523+00	20	Vegetables and mushrooms	1	[{"added": {}}]	8	1
20	2023-04-28 20:20:45.991432+00	2	Rich Cranberry fruit drink	2	[{"changed": {"fields": ["Rating", "Stock"]}}]	8	1
21	2023-04-29 20:56:38.001267+00	1	Double Chicken	2	[{"changed": {"fields": ["Image URL"]}}]	8	1
22	2023-04-29 20:57:10.993075+00	1	Double Chicken	2	[]	8	1
23	2023-04-29 20:59:53.36593+00	1	Double Chicken	2	[]	8	1
24	2023-04-29 21:02:19.444089+00	3	Cheese chicken	2	[{"changed": {"fields": ["Image URL"]}}]	8	1
25	2023-05-13 15:05:17.080861+00	8	Size with value of "S" (additional price 0)	3		9	1
26	2023-05-13 15:05:24.36389+00	10	Size with value of "L" (additional price 20)	3		9	1
27	2023-05-13 15:05:24.367252+00	9	Size with value of "M" (additional price 10)	3		9	1
28	2023-05-13 15:06:07.318608+00	13	Size with value of "S" (additional price 0)	1	[{"added": {}}]	9	1
29	2023-05-13 15:06:23.797466+00	14	Size with value of "M" (additional price 10)	1	[{"added": {}}]	9	1
30	2023-05-13 15:06:41.486561+00	15	Size with value of "L" (additional price 20)	1	[{"added": {}}]	9	1
31	2023-05-13 15:08:57.204275+00	3	Snacks	2	[{"changed": {"fields": ["Category", "Category (UKR)"]}}]	7	1
32	2023-05-13 15:09:39.444505+00	1	Pizza	2	[]	7	1
33	2023-05-13 15:09:49.961816+00	2	Drinks	2	[{"changed": {"fields": ["Category", "Category (UKR)"]}}]	7	1
34	2023-05-13 15:10:07.213124+00	4	Salads	1	[{"added": {}}]	7	1
35	2023-05-13 15:10:41.68351+00	5	First Courses	1	[{"added": {}}]	7	1
36	2023-05-13 15:11:03.444435+00	6	Main Courses	1	[{"added": {}}]	7	1
37	2023-05-13 15:11:44.558178+00	7	Baked goods	1	[{"added": {}}]	7	1
38	2023-05-13 15:14:02.098075+00	5	Weight	1	[{"added": {}}]	6	1
39	2023-05-13 15:14:28.180702+00	16	Weight with value of "150 gr" (additional price 0)	1	[{"added": {}}]	9	1
40	2023-05-13 15:14:49.573138+00	17	Weight with value of "350 gr" (additional price 15)	1	[{"added": {}}]	9	1
41	2023-05-13 15:15:52.660683+00	1	Pizza	2	[]	7	1
42	2023-05-13 15:16:31.027395+00	3	Snacks	2	[]	7	1
43	2023-05-13 15:16:33.387842+00	2	Drinks	2	[]	7	1
44	2023-05-13 15:16:44.314373+00	4	Salads	2	[]	7	1
45	2023-05-13 15:16:46.674244+00	5	First Courses	2	[]	7	1
46	2023-05-13 15:16:48.306435+00	6	Main Courses	2	[]	7	1
47	2023-05-13 15:16:57.282342+00	7	Baked goods	2	[]	7	1
48	2023-05-16 17:29:36.886643+00	21	Greek	1	[{"added": {}}]	8	1
49	2023-05-16 17:31:01.038162+00	22	Olivier	1	[{"added": {}}]	8	1
50	2023-05-16 17:32:07.900666+00	23	Caesar with chicken	1	[{"added": {}}]	8	1
51	2023-05-16 17:33:23.68617+00	24	Caesar with salmon	1	[{"added": {}}]	8	1
52	2023-05-16 17:36:22.226878+00	25	Salad Crab Mix	1	[{"added": {}}]	8	1
53	2023-05-16 17:37:21.103741+00	24	Caesar with salmon	2	[{"changed": {"fields": ["Image URL"]}}]	8	1
54	2023-05-16 17:37:49.238684+00	24	Caesar with salmon	2	[{"changed": {"fields": ["Price"]}}]	8	1
55	2023-05-16 17:38:48.877595+00	25	Salad Crab Mix	2	[{"changed": {"fields": ["Product description (UKR)"]}}]	8	1
56	2023-05-16 17:39:12.379405+00	22	Olivier	2	[{"changed": {"fields": ["Product description (UKR)"]}}]	8	1
57	2023-05-16 17:55:27.392871+00	26	Cheesecake	1	[{"added": {}}]	8	1
58	2023-05-16 17:55:36.073763+00	26	Cheesecake	2	[]	8	1
59	2023-05-16 17:57:27.519603+00	27	Pie "Sand"	1	[{"added": {}}]	8	1
60	2023-05-16 17:58:50.973589+00	28	Banana cheesecake	1	[{"added": {}}]	8	1
61	2023-05-16 18:00:01.960186+00	28	Banana cheesecake	2	[{"changed": {"fields": ["Price"]}}]	8	1
62	2023-05-16 18:03:31.492263+00	29	Cheesecakes	1	[{"added": {}}]	8	1
63	2023-05-16 18:03:39.15806+00	29	Cheesecakes	2	[]	8	1
64	2023-05-16 18:04:32.564096+00	29	Cheesecakes	2	[]	8	1
65	2023-05-16 18:06:00.6367+00	30	Cheesecakes with raspberry jam	1	[{"added": {}}]	8	1
66	2023-05-16 18:08:20.034226+00	31	Salted caramel muffin	1	[{"added": {}}]	8	1
67	2023-05-16 18:10:25.772812+00	32	Muffin Three chocolates	1	[{"added": {}}]	8	1
68	2023-05-16 18:10:58.19771+00	32	Muffin Three chocolates	2	[{"changed": {"fields": ["Product description", "Product description (UKR)"]}}]	8	1
69	2023-05-16 18:11:32.623082+00	28	Banana cheesecake	2	[{"changed": {"fields": ["Product description", "Product description (UKR)"]}}]	8	1
70	2023-05-16 18:11:54.759002+00	27	Pie "Sand"	2	[{"changed": {"fields": ["Product description", "Product description (UKR)"]}}]	8	1
71	2023-05-16 18:12:11.150249+00	26	Cheesecake	2	[{"changed": {"fields": ["Product description", "Product description (UKR)"]}}]	8	1
72	2023-05-16 18:15:14.204171+00	33	Rich Cherry Nectar	1	[{"added": {}}]	8	1
73	2023-05-16 18:17:23.034966+00	34	Nectar Rich Exotic	1	[{"added": {}}]	8	1
74	2023-05-16 18:21:04.116931+00	35	Rich Tomato juice	1	[{"added": {}}]	8	1
75	2023-05-16 18:24:38.811314+00	36	Super Meat Dogster	1	[{"added": {}}]	8	1
76	2023-05-16 18:26:19.017735+00	37	Dodster Curry	1	[{"added": {}}]	8	1
77	2023-05-16 18:26:44.899404+00	37	Dodster Curry	2	[{"changed": {"fields": ["Price"]}}]	8	1
78	2023-05-16 18:28:21.872242+00	38	Spicy Dodster	1	[{"added": {}}]	8	1
79	2023-05-16 18:34:09.618461+00	39	Fanta Tangerine	1	[{"added": {}}]	8	1
80	2023-05-16 18:40:06.875086+00	40	Coca-Cola Vanilla Original	1	[{"added": {}}]	8	1
81	2023-05-16 18:42:25.79948+00	41	Nectar Rich Combifit Orange	1	[{"added": {}}]	8	1
82	2023-05-16 18:48:58.900242+00	42	Starbucks Frappuccino Caramel	1	[{"added": {}}]	8	1
83	2023-05-16 18:52:04.30112+00	43	Starbucks Frappuccino Mocca	1	[{"added": {}}]	8	1
84	2023-05-16 18:54:24.565804+00	44	Starbucks Frappuccino Coffee	1	[{"added": {}}]	8	1
85	2023-05-16 18:58:57.440342+00	45	Hamburger	1	[{"added": {}}]	8	1
86	2023-05-16 19:01:49.240017+00	46	Cheeseburger	1	[{"added": {}}]	8	1
87	2023-05-16 19:04:42.618199+00	47	Double Chicken Burger	1	[{"added": {}}]	8	1
88	2023-05-16 19:07:16.913977+00	48	BBQ Burger	1	[{"added": {}}]	8	1
89	2023-05-16 19:11:01.699154+00	49	Homemade noodles with chicken	1	[{"added": {}}]	8	1
90	2023-05-16 19:13:32.891881+00	49	Homemade noodles with chicken	2	[{"changed": {"fields": ["Product description", "Product description (UKR)"]}}]	8	1
91	2023-05-16 19:17:06.869802+00	50	Chicken Yam Noodles	1	[{"added": {}}]	8	1
92	2023-05-16 19:18:50.311301+00	51	Borsch	1	[{"added": {}}]	8	1
93	2023-05-16 19:20:15.816858+00	52	Solyanka collective meat	1	[{"added": {}}]	8	1
94	2023-05-16 19:21:48.917197+00	52	Solyanka collective meat	2	[{"changed": {"fields": ["Product description", "Product description (UKR)", "Price"]}}]	8	1
95	2023-05-16 19:21:59.613736+00	51	Borsch	2	[{"changed": {"fields": ["Product description", "Product description (UKR)"]}}]	8	1
96	2023-05-16 19:22:11.667046+00	50	Chicken Yam Noodles	2	[{"changed": {"fields": ["Product description", "Product description (UKR)"]}}]	8	1
97	2023-05-16 19:27:27.038052+00	53	Lunch with potatoes	1	[{"added": {}}]	8	1
98	2023-05-16 19:28:24.449021+00	53	Lunch with potatoes	2	[{"changed": {"fields": ["Product description", "Product description (UKR)"]}}]	8	1
99	2023-05-16 19:30:55.681308+00	54	Pad Thai noodles	1	[{"added": {}}]	8	1
100	2023-05-16 19:33:57.173569+00	55	Beef gratin	1	[{"added": {}}]	8	1
101	2023-05-16 19:35:45.344008+00	56	Nuggets	1	[{"added": {}}]	8	1
102	2023-05-16 19:39:21.947091+00	57	Potatoes with chicken and cheese	1	[{"added": {}}]	8	1
103	2023-05-16 19:46:20.221636+00	58	Cherry cheesecake with chocolate	1	[{"added": {}}]	8	1
104	2023-05-16 19:46:59.570416+00	58	Cherry cheesecake with chocolate	2	[{"changed": {"fields": ["Product name (UKR)"]}}]	8	1
105	2023-05-16 19:47:32.808801+00	58	Cherry cheesecake with chocolate	2	[{"changed": {"fields": ["Product description", "Product description (UKR)"]}}]	8	1
106	2023-05-16 19:50:54.39203+00	59	Rich Combifit Apple juice	1	[{"added": {}}]	8	1
107	2023-05-16 19:55:35.82292+00	60	Morshynska water	1	[{"added": {}}]	8	1
108	2023-06-03 10:07:15.677392+00	1	admin@admin.com	2	[{"deleted": {"name": "preferred", "object": "Preferred object (None)"}}]	12	1
109	2023-06-03 12:47:31.510196+00	4	2023-06-03 12:42:38.617444+00:00 	3		10	1
110	2023-06-03 12:47:31.514247+00	3	2023-06-03 12:42:32.361712+00:00 	3		10	1
111	2023-06-03 12:47:31.516094+00	2	2023-06-03 12:41:40.284269+00:00 	3		10	1
112	2023-06-03 12:47:31.51772+00	1	2023-04-23 13:08:59.261000+00:00 	3		10	1
113	2023-06-03 13:22:18.372476+00	20	2023-06-03 13:20:19.305556+00:00 	3		10	1
114	2023-06-03 13:22:18.376174+00	19	2023-06-03 13:18:46.894005+00:00 	3		10	1
115	2023-06-03 13:22:18.377897+00	18	2023-06-03 13:17:58.715525+00:00 	3		10	1
116	2023-06-03 13:22:18.379627+00	17	2023-06-03 13:17:43.518616+00:00 	3		10	1
117	2023-06-03 13:22:18.381352+00	16	2023-06-03 13:17:21.742934+00:00 	3		10	1
118	2023-06-03 13:22:18.382997+00	15	2023-06-03 13:14:38.076070+00:00 	3		10	1
119	2023-06-03 13:22:18.384669+00	14	2023-06-03 13:14:02.908134+00:00 	3		10	1
120	2023-06-03 13:22:18.386655+00	13	2023-06-03 13:13:30.970794+00:00 	3		10	1
121	2023-06-03 13:22:18.388244+00	12	2023-06-03 13:13:27.735570+00:00 	3		10	1
122	2023-06-03 13:22:18.389973+00	11	2023-06-03 13:09:58.481082+00:00 	3		10	1
123	2023-06-03 13:22:18.391548+00	10	2023-06-03 13:09:55.421638+00:00 	3		10	1
124	2023-06-03 13:22:18.392874+00	9	2023-06-03 13:09:15.860899+00:00 	3		10	1
125	2023-06-03 13:22:18.395109+00	8	2023-06-03 13:04:17.469105+00:00 	3		10	1
126	2023-06-03 13:22:18.397967+00	7	2023-06-03 13:01:08.409189+00:00 	3		10	1
127	2023-06-03 13:22:18.400726+00	6	2023-06-03 12:59:45.218339+00:00 	3		10	1
128	2023-06-03 13:22:18.402692+00	5	2023-06-03 12:53:38.966184+00:00 	3		10	1
129	2023-06-03 15:16:19.213054+00	25	2023-06-03 15:16:08.007096+00:00 admin@admin.com	3		10	1
130	2023-06-03 15:16:19.216469+00	24	2023-06-03 15:13:39.019316+00:00 admin@admin.com	3		10	1
131	2023-06-03 15:16:19.218323+00	23	2023-06-03 15:13:12.502341+00:00 admin@admin.com	3		10	1
132	2023-06-03 15:16:19.220041+00	22	2023-06-03 14:46:20.813943+00:00 admin@admin.com	3		10	1
133	2023-06-03 15:16:19.221645+00	21	2023-06-03 13:22:20.289371+00:00 	3		10	1
\.


--
-- Data for Name: django_content_type; Type: TABLE DATA; Schema: public; Owner: postgres
--

COPY public.django_content_type (id, app_label, model) FROM stdin;
1	admin	logentry
2	auth	permission
3	auth	group
4	contenttypes	contenttype
5	sessions	session
6	products	attribute
7	products	category
8	products	product
9	products	attributevalue
10	orders	order
11	orders	orderitem
12	users	user
13	users	preferred
14	users	address
15	orders	selectedattribute
\.


--
-- Data for Name: django_migrations; Type: TABLE DATA; Schema: public; Owner: postgres
--

COPY public.django_migrations (id, app, name, applied) FROM stdin;
1	products	0001_initial	2023-04-27 19:59:56.083262+00
2	contenttypes	0001_initial	2023-04-27 19:59:56.835293+00
3	contenttypes	0002_remove_content_type_name	2023-04-27 19:59:57.720656+00
4	auth	0001_initial	2023-04-27 20:00:00.268439+00
5	auth	0002_alter_permission_name_max_length	2023-04-27 20:00:00.857292+00
6	auth	0003_alter_user_email_max_length	2023-04-27 20:00:01.447167+00
7	auth	0004_alter_user_username_opts	2023-04-27 20:00:02.036304+00
8	auth	0005_alter_user_last_login_null	2023-04-27 20:00:02.625126+00
9	auth	0006_require_contenttypes_0002	2023-04-27 20:00:03.209892+00
10	auth	0007_alter_validators_add_error_messages	2023-04-27 20:00:03.799485+00
11	auth	0008_alter_user_username_max_length	2023-04-27 20:00:04.389732+00
12	auth	0009_alter_user_last_name_max_length	2023-04-27 20:00:04.979979+00
13	auth	0010_alter_group_name_max_length	2023-04-27 20:00:05.725276+00
14	auth	0011_update_proxy_permissions	2023-04-27 20:00:06.319013+00
15	auth	0012_alter_user_first_name_max_length	2023-04-27 20:00:06.909138+00
16	users	0001_initial	2023-04-27 20:00:11.155822+00
17	admin	0001_initial	2023-04-27 20:00:12.505417+00
18	admin	0002_logentry_remove_auto_add	2023-04-27 20:00:12.955518+00
19	admin	0003_logentry_add_action_flag_choices	2023-04-27 20:00:13.552512+00
20	orders	0001_initial	2023-04-27 20:00:15.24931+00
21	orders	0002_initial	2023-04-27 20:00:16.144266+00
22	sessions	0001_initial	2023-04-27 20:00:17.187669+00
23	orders	0003_remove_orderitem_price_per_unit_selectedattribute_and_more	2023-06-03 12:45:54.126859+00
24	products	0002_alter_attribute_categories	2023-06-03 13:31:46.510043+00
25	orders	0003_order_address	2023-06-03 15:11:41.369439+00
26	orders	0003_alter_order_address	2023-06-03 15:22:43.507814+00
27	orders	0003_remove_order_is_fulfilled_remove_order_is_paid_and_more	2023-06-07 16:58:53.534878+00
\.


--
-- Data for Name: django_session; Type: TABLE DATA; Schema: public; Owner: postgres
--

COPY public.django_session (session_key, session_data, expire_date) FROM stdin;
3l6vog7a05u9p65k1u8t60j39u09sgpp	.eJxVjEEOwiAQRe_C2pBhaKHj0r1nIMCAVA0kpV0Z765NutDtf-_9l3B-W4vbelrczOIslDj9bsHHR6o74LuvtyZjq-syB7kr8qBdXhun5-Vw_w6K7-VbG8MQYMpgR4jW5IyKlCYmHCIFZEiotTWYPSVSPKiAE6Ies2HiCEq8P8O3NxI:1psAg0:5MpNccdVu0IeVBIhnkPbN3KtP3bo5e5ppQsi5bUid3k	2023-05-11 23:05:24.481553+00
hvtwpf6osvippimqx4u75kfhufsz776w	.eJxVjEEOwiAQRe_C2pBhaKHj0r1nIMCAVA0kpV0Z765NutDtf-_9l3B-W4vbelrczOIslDj9bsHHR6o74LuvtyZjq-syB7kr8qBdXhun5-Vw_w6K7-VbG8MQYMpgR4jW5IyKlCYmHCIFZEiotTWYPSVSPKiAE6Ies2HiCEq8P8O3NxI:1psTwD:fq5V4tfgnh4aJRQygpnW1U8qGqXpEtGnb7q8y4LoxT4	2023-05-12 19:39:25.101238+00
sprx52y9imcbyb7u0vtia0n8aqis0y17	.eJxVjDsOwjAQBe_iGllrE_8o6TmDtfZ6cQA5UpxUiLuTSCmgfTPz3iLiutS49jLHkcRFKHH63RLmZ2k7oAe2-yTz1JZ5THJX5EG7vE1UXtfD_Tuo2OtWD1Z5nTEYx2AyJReAqUAG7dgOBpk0mJJQWwXocZONZs9wDg5VcCQ-X94-N5s:1pxqSe:627jmziPxgaX3SepSaLe6YePhi1K5sjrutBSPM2NLT0	2023-05-27 14:43:04.055441+00
czu881emfrnfis5kma7hd6zrin201jr8	.eJxVjDsOwjAQBe_iGllrE_8o6TmDtfZ6cQA5UpxUiLuTSCmgfTPz3iLiutS49jLHkcRFKHH63RLmZ2k7oAe2-yTz1JZ5THJX5EG7vE1UXtfD_Tuo2OtWD1Z5nTEYx2AyJReAqUAG7dgOBpk0mJJQWwXocZONZs9wDg5VcCQ-X94-N5s:1pygs1:fea5y5j_pyHajQFb3c0Us4KULuHvMeI2GYBHwPNrnyM	2023-05-29 22:40:45.410029+00
k30ztskmocx5vyv684bxo7uzoyp4fb9n	.eJxVjDsOwjAQBe_iGllrE_8o6TmDtfZ6cQA5UpxUiLuTSCmgfTPz3iLiutS49jLHkcRFKHH63RLmZ2k7oAe2-yTz1JZ5THJX5EG7vE1UXtfD_Tuo2OtWD1Z5nTEYx2AyJReAqUAG7dgOBpk0mJJQWwXocZONZs9wDg5VcCQ-X94-N5s:1q5NHg:gNzAKUftOcFLbYgqoM2MxQJOKNhXW5Arnh10xAxcpaE	2023-06-17 09:10:52.645174+00
cx4sitfnchuyw20471wzqnv4kjic1ql1	.eJxVjDsOwjAQBe_iGllrE_8o6TmDtfZ6cQA5UpxUiLuTSCmgfTPz3iLiutS49jLHkcRFKHH63RLmZ2k7oAe2-yTz1JZ5THJX5EG7vE1UXtfD_Tuo2OtWD1Z5nTEYx2AyJReAqUAG7dgOBpk0mJJQWwXocZONZs9wDg5VcCQ-X94-N5s:1q5SeV:DbEbObZQOPMrCL5H3gbUrFea6qEf1CwfibYlTpVPNKA	2023-06-17 14:54:47.665069+00
\.


--
-- Data for Name: orders_order; Type: TABLE DATA; Schema: public; Owner: postgres
--

COPY public.orders_order (id, created_at, user_id, address_id, is_accepted, is_delivered, is_delivering, is_processing) FROM stdin;
26	2023-06-03 15:18:28.992791+00	1	1	f	f	f	f
\.


--
-- Data for Name: orders_orderitem; Type: TABLE DATA; Schema: public; Owner: postgres
--

COPY public.orders_orderitem (id, amount, order_id, product_id) FROM stdin;
37	4	26	19
\.


--
-- Data for Name: orders_selectedattribute; Type: TABLE DATA; Schema: public; Owner: postgres
--

COPY public.orders_selectedattribute (id, attribute_value_id, order_item_id) FROM stdin;
14	3	37
15	4	37
\.


--
-- Data for Name: products_attribute; Type: TABLE DATA; Schema: public; Owner: postgres
--

COPY public.products_attribute (id, title, title_ukr) FROM stdin;
1	Dough	Тісто
2	Size	Розмір
3	Volume	Об'єм
4	Spiciness	Гострота
5	Weight	Вага
\.


--
-- Data for Name: products_attributevalue; Type: TABLE DATA; Schema: public; Owner: postgres
--

COPY public.products_attributevalue (id, value, value_ukr, price_addition, attribute_id, category_id) FROM stdin;
1	Traditional	Традиційне	0	1	1
2	26 cm.	26 cm.	0	2	1
3	Slim	Тонке	15	1	1
4	30 cm.	30 cm.	5	2	1
5	40 cm.	40 cm.	10	2	1
6	0.5L	0.5L	0	3	2
7	1L	1L	10	3	2
11	Classic	Classic	0	4	3
12	Spicy	Spicy	10	4	3
13	S	S	0	2	3
14	M	M	10	2	3
15	L	L	20	2	3
16	150 gr	150 гр	0	5	4
17	350 gr	350 гр	15	5	4
\.


--
-- Data for Name: products_category; Type: TABLE DATA; Schema: public; Owner: postgres
--

COPY public.products_category (id, title, title_ukr) FROM stdin;
1	Pizza	Піца
3	Snacks	Снеки
2	Drinks	Напої
4	Salads	Салати
5	First Courses	Перші страви
6	Main Courses	Другі страви
7	Baked goods	Випічка
\.


--
-- Data for Name: products_product; Type: TABLE DATA; Schema: public; Owner: postgres
--

COPY public.products_product (id, title, title_ukr, description, description_ukr, price, image_url, slug, rating, stock, category_id) FROM stdin;
4	Dodster	Додстер	Legendary hot appetizer with chicken, tomatoes, mozzarella, ranch sauce in a thin wheat tortilla.	Легендарна гаряча закуска з курчам, томатами, моцарелою, соусом ранч у тонків пшеничній коржі.	50	https://cdn.dodostatic.net/static/Img/Products/be03844e8b8a401ba4af5a4e7f74ea37_584x584.jpeg	dodster	2	11	3
5	Cheese	Сирна	Mozzarella, cheddar and parmesan cheeses, signature alfredo sauce	Моцарела, сири чеддер та пармезан, фірмовий соус альфредо	135	https://dodopizza-a.akamaihd.net/static/Img/Products/d9c609f1422247f2b87b6293eb461ff0_584x584.webp	cheese-pizza	8	156	1
6	Fresh pepperoni	Пепероні фреш	Spicy pepperoni, an increased portion of mozzarella, tomatoes, signature tomato sauce	Гостра пепероні, збільшена порція моцарели, помідори, фірмовий томатний соус	135	https://dodopizza-a.akamaihd.net/static/Img/Products/27c9bbd0af3a4d1d84a086d9c2f1656d_292x292.webp	fresh-pepperoni-pizza	5	170	1
7	Fresh chorizo	Чорізо фреш	Signature tomato sauce, mozzarella, spicy chorizo, sweet pepper	Фірмовий томатний соус, моцарела, гострий чорізо, солодкий перець	155	https://dodopizza-a.akamaihd.net/static/Img/Products/02ca2561953b488993878d1f70e359de_292x292.webp	fresh-chorizo--pizza	3	132	1
8	Burger-pizza	Бургер-піца	Ham, pickled cucumbers, tomatoes, red onion, garlic, burger sauce, mozzarella, signature tomato sauce	Шинка, мариновані огірки, помідори, червона цибуля, часник, соус бургер, моцарела, фірмовий томатний соус	180	https://dodopizza-a.akamaihd.net/static/Img/Products/cea570842b754c52b786c231c65bd2e2_292x292.webp	burger-pizza	7	120	1
9	Barbecue chicken	Курка барбекю	Chicken, bacon, barbecue sauce, red onion, mozzarella, signature tomato sauce	Курка, бекон, соус барбекю, червона цибуля, моцарела, фірмовий томатний соус	240	https://dodopizza-a.akamaihd.net/static/Img/Products/45cc8ffb190c4a28aaf1863a67f675c7_292x292.webp	barbecue-chicken-pizza	5	134	1
10	Ham and cheese	Шинка та сир	Ham, mozzarella, signature alfredo sauce	Шинка, моцарелла, фірмовий соус альфредо	125	https://dodopizza-a.akamaihd.net/static/Img/Products/cea570842b754c52b786c231c65bd2e2_366x366.webp	ham-cheese-pizza	3	101	1
11	Meaty	М'ясна	Chicken, ham, spicy pepperoni, spicy chorizo, mozzarella, signature tomato sauce	Курча, шинка, пікантна пепероні, гостра чоризо, моцарелла, фірмовий томатний соус	198	https://dodopizza-a.akamaihd.net/static/Img/Products/18dbb12240b041a191c9dc73c9c1f4ef_366x366.webp	meaty-pizza	9	163	1
12	Chicken curry	Курча каррі	Chicken, pineapple, curry sauce, red onion, bell pepper, mozzarella, signature tomato sauce	Курча, ананаси, соус каррі, червона цибуля, солодкий перець, моцарелла, фірмовий томатний соус	180	https://dodopizza-a.akamaihd.net/static/Img/Products/c8ac7d2eb95b4bd0b8bc2f366415896c_366x366.webp	chicken-curry-pizza	4	135	1
13	Four cheeses	Чотири сира	Blue cheese, cheddar and parmesan cheese mix, mozzarella, signature alfredo sauce	Сир блю чіз, суміш сирів чеддер і пармезан, моцарелла, фірмовий соус альфредо	200	https://dodopizza-a.akamaihd.net/static/Img/Products/50555f951a6d4fd4ac0088c099eb3769_366x366.webp	four-cheeses-pizza	8	165	1
14	Four seasons	Чотири сезони	Extra mozzarella, ham, spicy pepperoni, cheese cubes, tomatoes, champignons, Italian herbs, signature tomato sauce	Збільшена порція моцарели, шинка, пікантна пепероні, кубики бринзи, томати, печериці, італійські трави, фірмовий томатний соус	184	https://dodopizza-a.akamaihd.net/static/Img/Products/d51fa179760041f0831e63fa21c39402_366x366.webp	four-seasons-pizza	3	122	1
2	Rich Cranberry fruit drink	Морс Rich Журавлинний	Prepared artesian water, concentrated cranberry juice, sugar, concentrated grape juice, acidity regulator citric acid, natural cranberry flavor.	Вода артезіанська підготовлена, сік з журавлини концентрований, цукор, сік виноградний концентрований, регулятор кислотності лимонна кислота, натуральний ароматизатор журавлини.	20	https://img2.zakaz.ua/1.1602764002.ad72436478c_2020-10-15_Tatyana_L/1.1602764002.SNCPSG10.obj.0.1.jpg.oe.jpg.pf.jpg.1350nowm.jpg.1350x.jpg	rich-cranberry-fruit-drink	3	146	2
3	Cheese chicken	Сирна куряча	Chicken, mozzarella, cheddar and Parmesan cheeses, cheese sauce, tomatoes, special alfredo sauce, garlic.	Курка, моцарела, сири чеддер та пармезан, сирний соус, помідори, фірмовий соус альфредо, часник.	235	https://dodopizza-a.akamaihd.net/static/Img/Products/42360a7dcb7640c998b723231586fe84_366x366.webp	cheese-chicken-pizza	4	104	1
1	Double Chicken	Подвійна куряча	Chicken, mozzarella, signature sauce, alfredo	Курка, моцарела, фірмовий соус, альфредо	180	https://dodopizza-a.akamaihd.net/static/Img/Products/ddadb2bd7f2d40459acddbe2f51a2389_366x366.webp	double-chicken-pizza	10	151	1
15	Ham and mushrooms	Шинка та гриби	Ham, mushrooms, extra mozzarella, signature tomato sauce	Шинка, печериці, збільшена порція моцарели, фірмовий томатний соус	150	https://dodopizza-a.akamaihd.net/static/Img/Products/0c24c7c195574d7cae45c889bd8043fc_366x366.webp	ham-mushrooms-pizza	5	177	1
16	Homemade	Домашня	Spicy pepperoni, ham, pickled cucumbers, tomatoes, mozzarella, signature tomato sauce	Пікантна пепероні, шинка, мариновані огірочки, томати, моцарелла, фірмовий томатний соус	195	https://dodopizza-a.akamaihd.net/static/Img/Products/1737ebbfb03148a291f8b3060cd9f0a1_366x366.webp	homemade-pizza	10	187	1
17	Margarita	Маргарита	Extra mozzarella, tomatoes, Italian herbs, signature tomato sauce	Збільшена порція моцарелли, томати, італійські трави, фірмовий томатний соус	120	https://dodopizza-a.akamaihd.net/static/Img/Products/748949429e25404ea10aab002c910d84_366x366.webp	margarita-pizza	2	143	1
18	Diablo	Діабло	Spicy chorizo, hot jalapeno peppers, BBQ sauce, meatballs, tomatoes, bell peppers, red onion, mozzarella, signature tomato sauce	Гостра чоризо, гострий перець халапеньо, соус барбекю, мітболи, томати, солодкий перець, червона цибуля, моцарелла, фірмовий томатний соус	240	https://dodopizza-a.akamaihd.net/static/Img/Products/03c840b1ab6f4ccb84f5dc167e146598_366x366.webp	diablo-pizza	9	156	1
19	BBQ sausages	Ковбаски барбекю	Spicy chorizo, barbecue sauce, tomatoes, red onion, mozzarella, signature tomato sauce	Гостра чоризо, соус барбекю, томати, червона цибуля, моцарелла, фірмовий томатний соус	170	https://dodopizza-a.akamaihd.net/static/Img/Products/10b95b8611ec457dbffd9613b8eb165a_366x366.webp	barbecue-sausages-pizza	10	178	1
20	Vegetables and mushrooms	Овочі та гриби	Mushrooms, tomatoes, sweet peppers, red onions, cheese cubes, mozzarella, special tomato sauce, Italian herbs	Печериці, томати, солодкий перець, червона цибуля, кубики бринзи, моцарелла, фірмовий томатний соус, італійські трави	160	https://dodopizza-a.akamaihd.net/static/Img/Products/d6c9f93ea37649ac923e9586c034a5a0_366x366.webp	vegetables-mushrooms-pizza	1	109	1
21	Greek	Грецький	Tomato, cucumber, bell pepper, blue onion, olives, feta cheese, aromatic dressing	Помідор, Огірок, Перець болгарський, Цибуля синя, Маслини, Сир фета, ароматна заправка	50	https://chiken-pizza.ru/upload/iblock/4a3/y3jb0gik3qo7obl98s873d2z1zk1dqhh.png	greek-salad	3	123	4
23	Caesar with chicken	Цезар з куркою	Salad, Tomato, Egg, Chicken fillet fries, Parmesan cheese, Crackers, Sauce	Салат, Помідор, Яйце, Філе куряче фрі, Сир пармезан, Сухаріки, Соус	60	https://chiken-pizza.ru/upload/iblock/5fe/9woac6o66dkswixa87d137bweop791se.png	caesar-with-chicken-salad	10	153	4
24	Caesar with salmon	Цезар з лососем	Salad, Tomato, Egg, Salmon with salt, Masago black caviar, Parmesan cheese, Crackers, Sauce	Салат, Помідор, Яйце, Лосось с/с, Ікра масаго чорна, Сир пармезан, Сухаріки, Соус	80	https://chiken-pizza.ru/upload/iblock/aec/jorfjr368d948mtpjyxe71a0f020bizq.png	caesar-with-salmon-salad	8	134	4
25	Salad Crab Mix	Салат Крабовий мікс	Salad crab sticks, Masago caviar, pickled cucumber omelet, egg, mayonnaise, Unagi sauce	Салат крабові палички, Ікра Масаго, Омлет, Маринований огірок, Яйце, Майонез, Соус Унагі	55	https://chiken-pizza.ru/upload/iblock/904/wg2cfpcr9kg7iyvqsmmjtwo21r218d1g.png	crab-mix-salad	5	143	4
22	Olivier	Олів'є	Chicken fillet, cucumber, canned cucumber, green peas, egg, sauce	Філе куряче, Огірок, Огірок консервований, Горошок зелений, Яйце, Соус	50	https://chiken-pizza.ru/upload/iblock/ca8/486x3ca5k9vq1eqfo8yl2gsgakoouv71.png	olivier-salad	3	154	4
33	Rich Cherry Nectar	Нектар Rich Вишневий	Prepared artesian water, concentrated cherry juice, concentrated grape juice, sugar, acidity regulator citric acid, natural cherry flavoring.	Вода артезіанська підготовлена, сік вишневий концентрований, сік виноградний концентрований, цукор, регулятор кислотності лимонна кислота, натуральний ароматизатор вишні.	20	https://content.rozetka.com.ua/goods/images/big/248141023.jpg	rich-cherry-nectar	10	196	2
27	Pie "Sand"	Пиріг «Пісочний»	Grated cake with black currants, powdered sugar.105g.	Тертий пиріг з чорною смородиною, цукрова пудра.105г.	25	https://bufet.ua/wp-content/uploads/2014/04/pirog-pisochniy.jpg	pie-sand	10	188	7
29	Cheesecakes	Сирники	The favorite dessert of many of our guests is ruddy cheesecakes from the oven. So gentle, moderately sweet and reminiscent of childhood.\r\n100 g.	Улюблений десерт багатьох наших гостей – рум'яні сирники із печі. Такі ніжні, в міру солодкі та нагадують дитинство.\r\n100 г.	40	https://bufet.ua/wp-content/uploads/2015/08/sirniki.jpg	cheesecakes	6	134	7
30	Cheesecakes with raspberry jam	Сирники з малиновим варенням	The favorite dessert of many of our guests is ruddy cheesecakes from the oven. So gentle, moderately sweet and reminiscent of childhood.\r\n\r\n110 g.	Улюблений десерт багатьох наших гостей – рум'яні сирники із печі. Такі ніжні, в міру солодкі та нагадують дитинство.\r\n\r\n110 г.	45	https://dodopizza-a.akamaihd.net/static/Img/Products/aaaf00a849a14804ba9264dc7838021e_366x366.webp	cheesecakes-with-raspberry-jam	7	134	7
31	Salted caramel muffin	Мафін Солона карамель	Once you have a bite, you will love it forever! Enjoy the bright combination of salted caramel and peanuts.\r\n       120 g.	Раз відкусити – назавжди полюбити! Оцініть яскраве поєднання солоної карамелі та арахісу.\r\n      120г.	30	https://dodopizza-a.akamaihd.net/static/Img/Products/c3687909a9cf4064aabc5b07a166e848_366x366.webp	salted-caramel-muffin	5	123	7
32	Muffin Three chocolates	Мафін Три шоколади	And this muffin cupcake! It is made of natural cocoa, and inside there is a delicate filling of white and milk chocolate cubes.120 g.	Та й кекс цей мафін! Він з натурального какао, а всередині – ніжна начинка з кубиків білого та молочного шоколаду. 120г.	30	https://dodopizza-a.akamaihd.net/static/Img/Products/4922d35d13ef4acba55944a5d5cdae70_366x366.webp	muffin-three-chocolates	5	154	7
28	Banana cheesecake	Чізкейк Банановий	Sunny on the outside and bright on the inside. A summer novelty - delicate cheesecake with banana and chocolate cookies. 100g.	Сонячний зовні та яскравий за смаком усередині. Літня новинка - ніжний чізкейк з бананом та шоколадним печивом.  100г.	45	https://dodopizza-a.akamaihd.net/static/Img/Products/543c6e4479c24db29427d74efde5151c_366x366.webp	cheesecake-banana	4	156	7
26	Cheesecake	Чізкейк	Cheese casserole on shortcrust pastry.110g.	Сирна запіканка на пісочному тісті.110г.	40	https://bufet.ua/wp-content/uploads/2014/05/cheese-cake-category.jpg	cheesecake	9	167	7
34	Nectar Rich Exotic	Нектар Rich Екзотик	Concentrated apple juice (62.3%), concentrated orange juice (15%), concentrated pineapple juice (11%), concentrated tangerine juice (5.5%), concentrated lemon juice (2.2%), concentrated mango puree ( 1%), mashed banana (1%), concentrated apricot puree (1%), concentrated passion fruit juice (1%).	Сік яблучний концентрований (62,3%), сік апельсиновий концентрований (15%), сік ананасовий концентрований (11%), сік мандариновий концентрований (5,5%), сік лимонний концентрований (2,2%), пюре манго концентроване ( 1%), пюре банана (1%), пюре абрикоса концентроване (1%), сік маракуї концентрований (1%).	20	https://content.rozetka.com.ua/goods/images/big/248141102.jpg	nectar-rich-exotic	6	153	2
35	Rich Tomato juice	Сік Rich Томатний	Tomato juice reconstituted, table salt (0.48%)	Томатний сік відновлений, сіль кухонна харчова (0.48%)	15	https://content2.rozetka.com.ua/goods/images/big/248141088.jpg	rich-tomato-juice	2	112	2
36	Super Meat Dogster	Суперм'ясний Додстер	Hot appetizer with chicken, mozzarella, meatballs, spicy chorizo sausages and burger sauce in a thin wheat crust.	Гаряча закуска з курчам, моцарелою, мітболами, гострими ковбасками чоризо і соусом бургер у тонкому пшеничному коржі.	70	https://dodopizza-a.akamaihd.net/static/Img/Products/b33f34589fa74a3788f3981848084cf2_292x292.webp	super-meat-dogster	8	133	3
37	Dodster Curry	Додстер Каррі	Hot appetizer with chicken, pineapple, sweet pepper, mozzarella and spicy curry sauce in a thin wheat crust.	Гаряча закуска з курчам, ананасом, солодким перцем, моцарелою та пряним соусом каррі в тонкому пшеничній коржі.	65	https://dodopizza-a.akamaihd.net/static/Img/Products/c65d065f6e654aa2a20787a9e806e04d_366x366.webp	dodster-curry	9	122	3
38	Spicy Dodster	Гострий Додстер	Hot appetizer with chicken, jalapeño pepper, pickles, tomatoes, mozzarella and barbecue sauce in a thin wheat crust.	Гаряча закуска з курчам, перчиком халапеньо, маринованими огірками, томатами, моцарелою та соусом барбекю в тонкій пшеничній коржі.	55	https://dodopizza-a.akamaihd.net/static/Img/Products/1d0bf2b8dd2d472294538d1e80381f77_366x366.webp	spicy-dodster	2	1	3
39	Fanta Tangerine	Fanta Мандарин	Drink Fanta Mandarin highly carbonated non-alcoholic. Ingredients: purified carbonated water, sugar, citrus juice 1.1%, acidity regulator - citric acid, antioxidant ascorbic acid, natural flavors, stabilizers (gum arabic, esters of glycerol and resin acids), beta-carotene dye.	Напій Fanta Мандарин сильногазований безалкогольний. Склад: очищена газована вода, цукор, сік цитрусових 1,1%, регулятор кислотності - лимонна кислота, антиокислювач аскорбінова кислота, натуральні ароматизатори, стабілізатори (гуміарабік, ефіри гліцерину та смоляних кислот), барвник бета-каротин.	25	https://content.rozetka.com.ua/goods/images/big/10718716.jpg	fanta-tangerine	6	156	2
40	Coca-Cola Vanilla Original	Coca-Cola Vanilla Original	Coca-Cola Vanilla is a soft carbonated drink from the Coca-Cola brand with a rich vanilla flavor.	Coca-Cola Vanilla - прохолодний газований напій від бренду Coca-Cola з насиченим ванільним смаком.	25	https://content1.rozetka.com.ua/goods/images/big/273870518.jpg	Coca-cola-vanilla-original	6	198	2
41	Nectar Rich Combifit Orange	Нектар Rich Combifit Апельсиновий	Concentrated orange juice, prepared artesian water, sugar, acidity regulator citric acid, antioxidant ascorbic acid, natural orange flavoring.	Сік апельсиновий концентрований, вода артезіанська підготовлена, цукор, регулятор кислотності лимонна кислота, антиоксидант аскорбінова кислота, натуральний ароматизатор апельсина.	15	https://content1.rozetka.com.ua/goods/images/big/248141462.jpg	nectar-rich-combifit-orange	4	145	2
42	Starbucks Frappuccino Caramel	Starbucks Frappuccino Caramel	Milk drink containing certified Starbucks Arabica coffee with caramel flavor.	Молочний напій із вмістом сертифікованого продукту Starbucks Арабіка з ароматом карамелі.	50	https://content2.rozetka.com.ua/goods/images/big/172482922.jpg	starbucks-frappuccino-caramel	2	102	2
43	Starbucks Frappuccino Mocca	Starbucks Frappuccino Mocca	Milk drink with certified Starbucks Arabica and cocoa.	Молочний напій із вмістом сертифікованого продукту Starbucks Арабіка та какао.	50	https://content.rozetka.com.ua/goods/images/big/172483826.jpg	starbucks-frappuccino-mocca	3	111	2
44	Starbucks Frappuccino Coffee	Starbucks Frappuccino Coffee	A milk drink containing certified Starbucks Arabica.	Молочний напій із вмістом сертифікованого продукту Starbucks Арабіка.	50	https://content.rozetka.com.ua/goods/images/big/172483435.jpg	starbucks-frappuccino-coffee	3	104	2
45	Hamburger	Гамбургер	Bun, Chicken cutlet, Pickled cucumber, Sauce	Булочка, Котлета куряча, Огірок маринований, Соус	30	https://chiken-pizza.ru/upload/iblock/7b3/vwbjjftoz28f6dhs0o7gxsf5g33vi5rs.jpg	hamburger	5	145	3
46	Cheeseburger	Чізбургер	Bun, Chicken cutlet, Tomato, Cheese, Sauce	Булочка, Куряча котлета, Помідор, Сир, Соус	35	https://chiken-pizza.ru/upload/iblock/ff1/8xhoy7pf60p4g4hsm887jb9vxl76o6wz.jpg	cheeseburger	7	166	3
47	Double Chicken Burger	Подвійний Чікен Бургер	Bun, two chicken cutlets, Cheddar cheese, Grilled pepper, fresh cucumber, lettuce, Tartar sauce	Булочка, дві курячі котлети, сир Чеддер, перець Гриль, свіжий огірок, салат листовий, соус Тар-тар	50	https://chiken-pizza.ru/upload/iblock/097/32h36n5ix4gemx6t82eomn4zlkjenvka.jpg	double-chicken-burger	9	187	3
48	BBQ Burger	BBQ Бургер	Sesame bun, Chicken cutlet, Barbecue sauce, Grainy mustard, Mayonnaise, Cheese, Canned cucumber, Fresh tomato, Leaf lettuce, Blue onion	Булочка з кунжутом, Котлета куряча, Соус барбекю, Гірчиця зерниста, Майонез, Сир, Огірок консервований, Помідор свіжий, Салат листовий, Цибуля синя	65	https://chiken-pizza.ru/upload/iblock/d7d/bv3qre9pc0sd5s4jv8u7b23s4yhcz14z.jpg	BBQ-burger	7	133	3
49	Homemade noodles with chicken	Локшина домашня з куркою	Chicken broth, noodles, onions, carrots, chicken fillet, greens.\r\n250g.	Бульйон курячий, Локшина, Цибуля, Морква, Куряче філе, Зелень. \r\n250г.	45	https://chiken-pizza.ru/upload/iblock/dea/tp3jkaj61hid65g8pj5lynbn6egop2fj.jpg	homemade-noodles-with-chicken	8	166	5
52	Solyanka collective meat	Солянка збірна м'ясна	Chicken fillet, Ham, Bacon, Cervelat, Pickles, Olives, Onions, Tomato paste, Lemon, Sour cream. 280g.	Філе куряче, Шинка, Бекон, Сервелат, Огірки солоні, Маслини, Цибуля ріпчаста, Томатна паста, Лимон, Сметана.  280г.	55	https://chiken-pizza.ru/upload/iblock/ed7/8epgiit0yiiawpfu7n0wyjjt5wcds97h.jpg	solyanka-collective-meat	5	123	5
51	Borsch	Борщ	Broth, chicken fillet, potatoes, beets, carrots, onions, greens, sour cream. 270g.	Бульйон, Філе куряче, Картопля, Буряк, Морква, Цибуля, Зелень, Сметана. 270г.	50	https://chiken-pizza.ru/upload/iblock/755/bxkswfjupjebhdqwqx2h4gygzl85l39p.jpg	borsch	8	143	5
50	Chicken Yam Noodles	Локшина Чікен Ям	Tom yam chicken broth, Noodles, Chicken fillet, Mushrooms, Carrots, Onions, Greens.\r\n    250g.	Бульйон курячий том ям, Локшина, Філе куряче, Печериці, Морква, Цибуля, Зелень.   250г.	55	https://chiken-pizza.ru/upload/iblock/143/sefa077quckwhl7n2ljlwie1jmyofrjy.jpg	chicken-yam-noodles	5	124	5
53	Lunch with potatoes	Ланч з картоплею	Potatoes, Baked chicken thigh in marinade, Greens, Butter.\r\n200 g.	Картопля, Запечене куряче стегно у маринаді, Зелень, Масло вершкове.\r\n200 г.	60	https://bufet.ua/wp-content/uploads/2023/02/lanch_product_new.jpg	lunch-with-potatoes	5	113	6
54	Pad Thai noodles	Локшина Пад-Тай	Funchoza noodles, Chicken medallions (paprika), Stewed vegetables, Onions, Carrots, Sweet peppers, Wood mushrooms, Baby corn, Pad Thai sauce (soy sauce, Black Pepper sauce, Teriyaki sauce). 230/30 g	Локшина фунчоза, Курячі медальони (паприка),Овочі тушковані, Цибуля ріпчаста, Морква, Перець солодкий, Деревний гриб, Кукурудза "Бебі",Соус "Пад-Тай"( соєвий соус, соус “БлекПепер”, соус”Теріякі”). 230/30 г	60	https://bufet.ua/wp-content/uploads/2019/09/pad-tay_product1.jpg	pad-thai-noodles	6	145	6
55	Beef gratin	Гратен яловичий	Beef, Mushrooms, Cheese, Tomatoes, Potatoes, Mayonnaise. 260 g	Яловичина, Гриби, Сир, Помідори, Картопля, Майонез.260 г	60	https://bufet.ua/wp-content/uploads/2014/04/graten2.jpg	beef-gratin	9	134	6
56	Nuggets	Нагетси	Chicken fillet, Panirovka. 150 g	Філе куряче, Паніровка. 150 г	65	https://bufet.ua/wp-content/uploads/2023/01/nagetsy_product_new.jpg	nuggets	2	145	6
57	Potatoes with chicken and cheese	Картопля з куркою та сиром	Peasant potatoes, chicken fillet, tomato, cauliflower, cheese, sauce. 180 g	Картопля по-селянські, Філе куряче, Помідор, Цвітна капуста, Сир, Соус. 180г	60	https://chiken-pizza.ru/upload/iblock/553/o78e23trz9u55kp9f72n85arjzb539w4.jpg	potatoes-with-chicken-and-cheese	4	108	6
58	Cherry cheesecake with chocolate	Чізкейк вишня з шоколадом	Delicate cheesecake with cherry and chocolate.130g.	Ніжний чізкейк з вишнею та шоколадом.130г	50	https://chiken-pizza.ru/upload/iblock/426/ppd8jqpst5gy06k9f7nll1w21dgqflwf.jpg	cherry-cheesecake-with-chocolate	6	156	7
59	Rich Combifit Apple juice	Сік Rich Combifit Яблучний	Concentrated apple juice	Концентрований яблучний сік	20	https://content.rozetka.com.ua/goods/images/big/248141450.jpg	rich-combifit-apple-juice	4	176	2
60	Morshynska water	Вода Моршинська	"Morshinskaya" is a natural mineral table water with a balanced composition that is fully absorbed by the body and restores it every day.	«Моршинська» — мінеральна природна столова вода, зі збалансованим складом, повністю відновлюється тілом і відновлює його кожен день.	15	https://content.rozetka.com.ua/goods/images/big/49344673.jpg	morshynska-water	1	199	2
\.


--
-- Data for Name: users_address; Type: TABLE DATA; Schema: public; Owner: postgres
--

COPY public.users_address (id, street_address, city, zip_code, user_id) FROM stdin;
1	Sample address	Sample city	36000	1
\.


--
-- Data for Name: users_preferred; Type: TABLE DATA; Schema: public; Owner: postgres
--

COPY public.users_preferred (id, product_id, user_id) FROM stdin;
33	1	1
34	16	1
35	26	1
\.


--
-- Data for Name: users_user; Type: TABLE DATA; Schema: public; Owner: postgres
--

COPY public.users_user (id, password, last_login, is_superuser, email, phone_number, first_name, last_name, date_joined, is_active, is_staff) FROM stdin;
4		\N	f	admin1@admin.com	\N			2023-06-03 12:42:38.619915+00	t	f
1	pbkdf2_sha256$600000$q4HSe8IC95fZsFr6ELvDqi$P8lUF3brwVUa6CvodojUZxU4FNEDRCPsMimtDscxIzM=	2023-06-03 14:54:47.662441+00	t	admin@admin.com	+380991355781			2023-04-23 14:37:48.377+00	t	t
\.


--
-- Data for Name: users_user_groups; Type: TABLE DATA; Schema: public; Owner: postgres
--

COPY public.users_user_groups (id, user_id, group_id) FROM stdin;
\.


--
-- Data for Name: users_user_user_permissions; Type: TABLE DATA; Schema: public; Owner: postgres
--

COPY public.users_user_user_permissions (id, user_id, permission_id) FROM stdin;
\.


--
-- Name: auth_group_id_seq; Type: SEQUENCE SET; Schema: public; Owner: postgres
--

SELECT pg_catalog.setval('public.auth_group_id_seq', 1, false);


--
-- Name: auth_group_permissions_id_seq; Type: SEQUENCE SET; Schema: public; Owner: postgres
--

SELECT pg_catalog.setval('public.auth_group_permissions_id_seq', 1, false);


--
-- Name: auth_permission_id_seq; Type: SEQUENCE SET; Schema: public; Owner: postgres
--

SELECT pg_catalog.setval('public.auth_permission_id_seq', 60, true);


--
-- Name: django_admin_log_id_seq; Type: SEQUENCE SET; Schema: public; Owner: postgres
--

SELECT pg_catalog.setval('public.django_admin_log_id_seq', 133, true);


--
-- Name: django_content_type_id_seq; Type: SEQUENCE SET; Schema: public; Owner: postgres
--

SELECT pg_catalog.setval('public.django_content_type_id_seq', 15, true);


--
-- Name: django_migrations_id_seq; Type: SEQUENCE SET; Schema: public; Owner: postgres
--

SELECT pg_catalog.setval('public.django_migrations_id_seq', 27, true);


--
-- Name: orders_order_id_seq; Type: SEQUENCE SET; Schema: public; Owner: postgres
--

SELECT pg_catalog.setval('public.orders_order_id_seq', 26, true);


--
-- Name: orders_orderitem_id_seq; Type: SEQUENCE SET; Schema: public; Owner: postgres
--

SELECT pg_catalog.setval('public.orders_orderitem_id_seq', 37, true);


--
-- Name: orders_selectedattribute_id_seq; Type: SEQUENCE SET; Schema: public; Owner: postgres
--

SELECT pg_catalog.setval('public.orders_selectedattribute_id_seq', 15, true);


--
-- Name: products_attribute_id_seq; Type: SEQUENCE SET; Schema: public; Owner: postgres
--

SELECT pg_catalog.setval('public.products_attribute_id_seq', 5, true);


--
-- Name: products_attributevalue_id_seq; Type: SEQUENCE SET; Schema: public; Owner: postgres
--

SELECT pg_catalog.setval('public.products_attributevalue_id_seq', 17, true);


--
-- Name: products_category_id_seq; Type: SEQUENCE SET; Schema: public; Owner: postgres
--

SELECT pg_catalog.setval('public.products_category_id_seq', 7, true);


--
-- Name: products_product_id_seq; Type: SEQUENCE SET; Schema: public; Owner: postgres
--

SELECT pg_catalog.setval('public.products_product_id_seq', 60, true);


--
-- Name: users_address_id_seq; Type: SEQUENCE SET; Schema: public; Owner: postgres
--

SELECT pg_catalog.setval('public.users_address_id_seq', 1, true);


--
-- Name: users_preferred_id_seq; Type: SEQUENCE SET; Schema: public; Owner: postgres
--

SELECT pg_catalog.setval('public.users_preferred_id_seq', 35, true);


--
-- Name: users_user_groups_id_seq; Type: SEQUENCE SET; Schema: public; Owner: postgres
--

SELECT pg_catalog.setval('public.users_user_groups_id_seq', 1, false);


--
-- Name: users_user_id_seq; Type: SEQUENCE SET; Schema: public; Owner: postgres
--

SELECT pg_catalog.setval('public.users_user_id_seq', 4, true);


--
-- Name: users_user_user_permissions_id_seq; Type: SEQUENCE SET; Schema: public; Owner: postgres
--

SELECT pg_catalog.setval('public.users_user_user_permissions_id_seq', 1, false);


--
-- Name: auth_group auth_group_name_key; Type: CONSTRAINT; Schema: public; Owner: postgres
--

ALTER TABLE ONLY public.auth_group
    ADD CONSTRAINT auth_group_name_key UNIQUE (name);


--
-- Name: auth_group_permissions auth_group_permissions_group_id_permission_id_0cd325b0_uniq; Type: CONSTRAINT; Schema: public; Owner: postgres
--

ALTER TABLE ONLY public.auth_group_permissions
    ADD CONSTRAINT auth_group_permissions_group_id_permission_id_0cd325b0_uniq UNIQUE (group_id, permission_id);


--
-- Name: auth_group_permissions auth_group_permissions_pkey; Type: CONSTRAINT; Schema: public; Owner: postgres
--

ALTER TABLE ONLY public.auth_group_permissions
    ADD CONSTRAINT auth_group_permissions_pkey PRIMARY KEY (id);


--
-- Name: auth_group auth_group_pkey; Type: CONSTRAINT; Schema: public; Owner: postgres
--

ALTER TABLE ONLY public.auth_group
    ADD CONSTRAINT auth_group_pkey PRIMARY KEY (id);


--
-- Name: auth_permission auth_permission_content_type_id_codename_01ab375a_uniq; Type: CONSTRAINT; Schema: public; Owner: postgres
--

ALTER TABLE ONLY public.auth_permission
    ADD CONSTRAINT auth_permission_content_type_id_codename_01ab375a_uniq UNIQUE (content_type_id, codename);


--
-- Name: auth_permission auth_permission_pkey; Type: CONSTRAINT; Schema: public; Owner: postgres
--

ALTER TABLE ONLY public.auth_permission
    ADD CONSTRAINT auth_permission_pkey PRIMARY KEY (id);


--
-- Name: django_admin_log django_admin_log_pkey; Type: CONSTRAINT; Schema: public; Owner: postgres
--

ALTER TABLE ONLY public.django_admin_log
    ADD CONSTRAINT django_admin_log_pkey PRIMARY KEY (id);


--
-- Name: django_content_type django_content_type_app_label_model_76bd3d3b_uniq; Type: CONSTRAINT; Schema: public; Owner: postgres
--

ALTER TABLE ONLY public.django_content_type
    ADD CONSTRAINT django_content_type_app_label_model_76bd3d3b_uniq UNIQUE (app_label, model);


--
-- Name: django_content_type django_content_type_pkey; Type: CONSTRAINT; Schema: public; Owner: postgres
--

ALTER TABLE ONLY public.django_content_type
    ADD CONSTRAINT django_content_type_pkey PRIMARY KEY (id);


--
-- Name: django_migrations django_migrations_pkey; Type: CONSTRAINT; Schema: public; Owner: postgres
--

ALTER TABLE ONLY public.django_migrations
    ADD CONSTRAINT django_migrations_pkey PRIMARY KEY (id);


--
-- Name: django_session django_session_pkey; Type: CONSTRAINT; Schema: public; Owner: postgres
--

ALTER TABLE ONLY public.django_session
    ADD CONSTRAINT django_session_pkey PRIMARY KEY (session_key);


--
-- Name: orders_order orders_order_pkey; Type: CONSTRAINT; Schema: public; Owner: postgres
--

ALTER TABLE ONLY public.orders_order
    ADD CONSTRAINT orders_order_pkey PRIMARY KEY (id);


--
-- Name: orders_orderitem orders_orderitem_pkey; Type: CONSTRAINT; Schema: public; Owner: postgres
--

ALTER TABLE ONLY public.orders_orderitem
    ADD CONSTRAINT orders_orderitem_pkey PRIMARY KEY (id);


--
-- Name: orders_selectedattribute orders_selectedattribute_pkey; Type: CONSTRAINT; Schema: public; Owner: postgres
--

ALTER TABLE ONLY public.orders_selectedattribute
    ADD CONSTRAINT orders_selectedattribute_pkey PRIMARY KEY (id);


--
-- Name: products_attribute products_attribute_pkey; Type: CONSTRAINT; Schema: public; Owner: postgres
--

ALTER TABLE ONLY public.products_attribute
    ADD CONSTRAINT products_attribute_pkey PRIMARY KEY (id);


--
-- Name: products_attributevalue products_attributevalue_pkey; Type: CONSTRAINT; Schema: public; Owner: postgres
--

ALTER TABLE ONLY public.products_attributevalue
    ADD CONSTRAINT products_attributevalue_pkey PRIMARY KEY (id);


--
-- Name: products_category products_category_pkey; Type: CONSTRAINT; Schema: public; Owner: postgres
--

ALTER TABLE ONLY public.products_category
    ADD CONSTRAINT products_category_pkey PRIMARY KEY (id);


--
-- Name: products_category products_category_title_key; Type: CONSTRAINT; Schema: public; Owner: postgres
--

ALTER TABLE ONLY public.products_category
    ADD CONSTRAINT products_category_title_key UNIQUE (title);


--
-- Name: products_category products_category_title_ukr_key; Type: CONSTRAINT; Schema: public; Owner: postgres
--

ALTER TABLE ONLY public.products_category
    ADD CONSTRAINT products_category_title_ukr_key UNIQUE (title_ukr);


--
-- Name: products_product products_product_pkey; Type: CONSTRAINT; Schema: public; Owner: postgres
--

ALTER TABLE ONLY public.products_product
    ADD CONSTRAINT products_product_pkey PRIMARY KEY (id);


--
-- Name: products_product products_product_title_key; Type: CONSTRAINT; Schema: public; Owner: postgres
--

ALTER TABLE ONLY public.products_product
    ADD CONSTRAINT products_product_title_key UNIQUE (title);


--
-- Name: products_product products_product_title_ukr_key; Type: CONSTRAINT; Schema: public; Owner: postgres
--

ALTER TABLE ONLY public.products_product
    ADD CONSTRAINT products_product_title_ukr_key UNIQUE (title_ukr);


--
-- Name: users_address users_address_pkey; Type: CONSTRAINT; Schema: public; Owner: postgres
--

ALTER TABLE ONLY public.users_address
    ADD CONSTRAINT users_address_pkey PRIMARY KEY (id);


--
-- Name: users_preferred users_preferred_pkey; Type: CONSTRAINT; Schema: public; Owner: postgres
--

ALTER TABLE ONLY public.users_preferred
    ADD CONSTRAINT users_preferred_pkey PRIMARY KEY (id);


--
-- Name: users_user users_user_email_key; Type: CONSTRAINT; Schema: public; Owner: postgres
--

ALTER TABLE ONLY public.users_user
    ADD CONSTRAINT users_user_email_key UNIQUE (email);


--
-- Name: users_user_groups users_user_groups_pkey; Type: CONSTRAINT; Schema: public; Owner: postgres
--

ALTER TABLE ONLY public.users_user_groups
    ADD CONSTRAINT users_user_groups_pkey PRIMARY KEY (id);


--
-- Name: users_user_groups users_user_groups_user_id_group_id_b88eab82_uniq; Type: CONSTRAINT; Schema: public; Owner: postgres
--

ALTER TABLE ONLY public.users_user_groups
    ADD CONSTRAINT users_user_groups_user_id_group_id_b88eab82_uniq UNIQUE (user_id, group_id);


--
-- Name: users_user users_user_phone_number_key; Type: CONSTRAINT; Schema: public; Owner: postgres
--

ALTER TABLE ONLY public.users_user
    ADD CONSTRAINT users_user_phone_number_key UNIQUE (phone_number);


--
-- Name: users_user users_user_pkey; Type: CONSTRAINT; Schema: public; Owner: postgres
--

ALTER TABLE ONLY public.users_user
    ADD CONSTRAINT users_user_pkey PRIMARY KEY (id);


--
-- Name: users_user_user_permissions users_user_user_permissions_pkey; Type: CONSTRAINT; Schema: public; Owner: postgres
--

ALTER TABLE ONLY public.users_user_user_permissions
    ADD CONSTRAINT users_user_user_permissions_pkey PRIMARY KEY (id);


--
-- Name: users_user_user_permissions users_user_user_permissions_user_id_permission_id_43338c45_uniq; Type: CONSTRAINT; Schema: public; Owner: postgres
--

ALTER TABLE ONLY public.users_user_user_permissions
    ADD CONSTRAINT users_user_user_permissions_user_id_permission_id_43338c45_uniq UNIQUE (user_id, permission_id);


--
-- Name: auth_group_name_a6ea08ec_like; Type: INDEX; Schema: public; Owner: postgres
--

CREATE INDEX auth_group_name_a6ea08ec_like ON public.auth_group USING btree (name varchar_pattern_ops);


--
-- Name: auth_group_permissions_group_id_b120cbf9; Type: INDEX; Schema: public; Owner: postgres
--

CREATE INDEX auth_group_permissions_group_id_b120cbf9 ON public.auth_group_permissions USING btree (group_id);


--
-- Name: auth_group_permissions_permission_id_84c5c92e; Type: INDEX; Schema: public; Owner: postgres
--

CREATE INDEX auth_group_permissions_permission_id_84c5c92e ON public.auth_group_permissions USING btree (permission_id);


--
-- Name: auth_permission_content_type_id_2f476e4b; Type: INDEX; Schema: public; Owner: postgres
--

CREATE INDEX auth_permission_content_type_id_2f476e4b ON public.auth_permission USING btree (content_type_id);


--
-- Name: django_admin_log_content_type_id_c4bce8eb; Type: INDEX; Schema: public; Owner: postgres
--

CREATE INDEX django_admin_log_content_type_id_c4bce8eb ON public.django_admin_log USING btree (content_type_id);


--
-- Name: django_admin_log_user_id_c564eba6; Type: INDEX; Schema: public; Owner: postgres
--

CREATE INDEX django_admin_log_user_id_c564eba6 ON public.django_admin_log USING btree (user_id);


--
-- Name: django_session_expire_date_a5c62663; Type: INDEX; Schema: public; Owner: postgres
--

CREATE INDEX django_session_expire_date_a5c62663 ON public.django_session USING btree (expire_date);


--
-- Name: django_session_session_key_c0390e0f_like; Type: INDEX; Schema: public; Owner: postgres
--

CREATE INDEX django_session_session_key_c0390e0f_like ON public.django_session USING btree (session_key varchar_pattern_ops);


--
-- Name: orders_order_address_id_0daf897b; Type: INDEX; Schema: public; Owner: postgres
--

CREATE INDEX orders_order_address_id_0daf897b ON public.orders_order USING btree (address_id);


--
-- Name: orders_order_user_id_e9b59eb1; Type: INDEX; Schema: public; Owner: postgres
--

CREATE INDEX orders_order_user_id_e9b59eb1 ON public.orders_order USING btree (user_id);


--
-- Name: orders_orderitem_order_id_fe61a34d; Type: INDEX; Schema: public; Owner: postgres
--

CREATE INDEX orders_orderitem_order_id_fe61a34d ON public.orders_orderitem USING btree (order_id);


--
-- Name: orders_orderitem_product_id_afe4254a; Type: INDEX; Schema: public; Owner: postgres
--

CREATE INDEX orders_orderitem_product_id_afe4254a ON public.orders_orderitem USING btree (product_id);


--
-- Name: orders_selectedattribute_attribute_value_id_f90ea30e; Type: INDEX; Schema: public; Owner: postgres
--

CREATE INDEX orders_selectedattribute_attribute_value_id_f90ea30e ON public.orders_selectedattribute USING btree (attribute_value_id);


--
-- Name: orders_selectedattribute_order_item_id_1cd76b7f; Type: INDEX; Schema: public; Owner: postgres
--

CREATE INDEX orders_selectedattribute_order_item_id_1cd76b7f ON public.orders_selectedattribute USING btree (order_item_id);


--
-- Name: products_attributevalue_attribute_id_82b9ba3c; Type: INDEX; Schema: public; Owner: postgres
--

CREATE INDEX products_attributevalue_attribute_id_82b9ba3c ON public.products_attributevalue USING btree (attribute_id);


--
-- Name: products_attributevalue_category_id_2cea6735; Type: INDEX; Schema: public; Owner: postgres
--

CREATE INDEX products_attributevalue_category_id_2cea6735 ON public.products_attributevalue USING btree (category_id);


--
-- Name: products_category_title_3e22be6c_like; Type: INDEX; Schema: public; Owner: postgres
--

CREATE INDEX products_category_title_3e22be6c_like ON public.products_category USING btree (title varchar_pattern_ops);


--
-- Name: products_category_title_ukr_ed85796b_like; Type: INDEX; Schema: public; Owner: postgres
--

CREATE INDEX products_category_title_ukr_ed85796b_like ON public.products_category USING btree (title_ukr varchar_pattern_ops);


--
-- Name: products_product_category_id_9b594869; Type: INDEX; Schema: public; Owner: postgres
--

CREATE INDEX products_product_category_id_9b594869 ON public.products_product USING btree (category_id);


--
-- Name: products_product_slug_70d3148d; Type: INDEX; Schema: public; Owner: postgres
--

CREATE INDEX products_product_slug_70d3148d ON public.products_product USING btree (slug);


--
-- Name: products_product_slug_70d3148d_like; Type: INDEX; Schema: public; Owner: postgres
--

CREATE INDEX products_product_slug_70d3148d_like ON public.products_product USING btree (slug varchar_pattern_ops);


--
-- Name: products_product_title_659cf449_like; Type: INDEX; Schema: public; Owner: postgres
--

CREATE INDEX products_product_title_659cf449_like ON public.products_product USING btree (title varchar_pattern_ops);


--
-- Name: products_product_title_ukr_e3ada8f2_like; Type: INDEX; Schema: public; Owner: postgres
--

CREATE INDEX products_product_title_ukr_e3ada8f2_like ON public.products_product USING btree (title_ukr varchar_pattern_ops);


--
-- Name: users_address_user_id_4c106ba4; Type: INDEX; Schema: public; Owner: postgres
--

CREATE INDEX users_address_user_id_4c106ba4 ON public.users_address USING btree (user_id);


--
-- Name: users_preferred_product_id_b96f9825; Type: INDEX; Schema: public; Owner: postgres
--

CREATE INDEX users_preferred_product_id_b96f9825 ON public.users_preferred USING btree (product_id);


--
-- Name: users_preferred_user_id_7c44b3d2; Type: INDEX; Schema: public; Owner: postgres
--

CREATE INDEX users_preferred_user_id_7c44b3d2 ON public.users_preferred USING btree (user_id);


--
-- Name: users_user_email_243f6e77_like; Type: INDEX; Schema: public; Owner: postgres
--

CREATE INDEX users_user_email_243f6e77_like ON public.users_user USING btree (email varchar_pattern_ops);


--
-- Name: users_user_groups_group_id_9afc8d0e; Type: INDEX; Schema: public; Owner: postgres
--

CREATE INDEX users_user_groups_group_id_9afc8d0e ON public.users_user_groups USING btree (group_id);


--
-- Name: users_user_groups_user_id_5f6f5a90; Type: INDEX; Schema: public; Owner: postgres
--

CREATE INDEX users_user_groups_user_id_5f6f5a90 ON public.users_user_groups USING btree (user_id);


--
-- Name: users_user_phone_number_aff54ffd_like; Type: INDEX; Schema: public; Owner: postgres
--

CREATE INDEX users_user_phone_number_aff54ffd_like ON public.users_user USING btree (phone_number varchar_pattern_ops);


--
-- Name: users_user_user_permissions_permission_id_0b93982e; Type: INDEX; Schema: public; Owner: postgres
--

CREATE INDEX users_user_user_permissions_permission_id_0b93982e ON public.users_user_user_permissions USING btree (permission_id);


--
-- Name: users_user_user_permissions_user_id_20aca447; Type: INDEX; Schema: public; Owner: postgres
--

CREATE INDEX users_user_user_permissions_user_id_20aca447 ON public.users_user_user_permissions USING btree (user_id);


--
-- Name: auth_group_permissions auth_group_permissio_permission_id_84c5c92e_fk_auth_perm; Type: FK CONSTRAINT; Schema: public; Owner: postgres
--

ALTER TABLE ONLY public.auth_group_permissions
    ADD CONSTRAINT auth_group_permissio_permission_id_84c5c92e_fk_auth_perm FOREIGN KEY (permission_id) REFERENCES public.auth_permission(id) DEFERRABLE INITIALLY DEFERRED;


--
-- Name: auth_group_permissions auth_group_permissions_group_id_b120cbf9_fk_auth_group_id; Type: FK CONSTRAINT; Schema: public; Owner: postgres
--

ALTER TABLE ONLY public.auth_group_permissions
    ADD CONSTRAINT auth_group_permissions_group_id_b120cbf9_fk_auth_group_id FOREIGN KEY (group_id) REFERENCES public.auth_group(id) DEFERRABLE INITIALLY DEFERRED;


--
-- Name: auth_permission auth_permission_content_type_id_2f476e4b_fk_django_co; Type: FK CONSTRAINT; Schema: public; Owner: postgres
--

ALTER TABLE ONLY public.auth_permission
    ADD CONSTRAINT auth_permission_content_type_id_2f476e4b_fk_django_co FOREIGN KEY (content_type_id) REFERENCES public.django_content_type(id) DEFERRABLE INITIALLY DEFERRED;


--
-- Name: django_admin_log django_admin_log_content_type_id_c4bce8eb_fk_django_co; Type: FK CONSTRAINT; Schema: public; Owner: postgres
--

ALTER TABLE ONLY public.django_admin_log
    ADD CONSTRAINT django_admin_log_content_type_id_c4bce8eb_fk_django_co FOREIGN KEY (content_type_id) REFERENCES public.django_content_type(id) DEFERRABLE INITIALLY DEFERRED;


--
-- Name: django_admin_log django_admin_log_user_id_c564eba6_fk_users_user_id; Type: FK CONSTRAINT; Schema: public; Owner: postgres
--

ALTER TABLE ONLY public.django_admin_log
    ADD CONSTRAINT django_admin_log_user_id_c564eba6_fk_users_user_id FOREIGN KEY (user_id) REFERENCES public.users_user(id) DEFERRABLE INITIALLY DEFERRED;


--
-- Name: orders_order orders_order_address_id_0daf897b_fk_users_address_id; Type: FK CONSTRAINT; Schema: public; Owner: postgres
--

ALTER TABLE ONLY public.orders_order
    ADD CONSTRAINT orders_order_address_id_0daf897b_fk_users_address_id FOREIGN KEY (address_id) REFERENCES public.users_address(id) DEFERRABLE INITIALLY DEFERRED;


--
-- Name: orders_order orders_order_user_id_e9b59eb1_fk_users_user_id; Type: FK CONSTRAINT; Schema: public; Owner: postgres
--

ALTER TABLE ONLY public.orders_order
    ADD CONSTRAINT orders_order_user_id_e9b59eb1_fk_users_user_id FOREIGN KEY (user_id) REFERENCES public.users_user(id) DEFERRABLE INITIALLY DEFERRED;


--
-- Name: orders_orderitem orders_orderitem_order_id_fe61a34d_fk_orders_order_id; Type: FK CONSTRAINT; Schema: public; Owner: postgres
--

ALTER TABLE ONLY public.orders_orderitem
    ADD CONSTRAINT orders_orderitem_order_id_fe61a34d_fk_orders_order_id FOREIGN KEY (order_id) REFERENCES public.orders_order(id) DEFERRABLE INITIALLY DEFERRED;


--
-- Name: orders_orderitem orders_orderitem_product_id_afe4254a_fk_products_product_id; Type: FK CONSTRAINT; Schema: public; Owner: postgres
--

ALTER TABLE ONLY public.orders_orderitem
    ADD CONSTRAINT orders_orderitem_product_id_afe4254a_fk_products_product_id FOREIGN KEY (product_id) REFERENCES public.products_product(id) DEFERRABLE INITIALLY DEFERRED;


--
-- Name: orders_selectedattribute orders_selectedattri_attribute_value_id_f90ea30e_fk_products_; Type: FK CONSTRAINT; Schema: public; Owner: postgres
--

ALTER TABLE ONLY public.orders_selectedattribute
    ADD CONSTRAINT orders_selectedattri_attribute_value_id_f90ea30e_fk_products_ FOREIGN KEY (attribute_value_id) REFERENCES public.products_attributevalue(id) DEFERRABLE INITIALLY DEFERRED;


--
-- Name: orders_selectedattribute orders_selectedattri_order_item_id_1cd76b7f_fk_orders_or; Type: FK CONSTRAINT; Schema: public; Owner: postgres
--

ALTER TABLE ONLY public.orders_selectedattribute
    ADD CONSTRAINT orders_selectedattri_order_item_id_1cd76b7f_fk_orders_or FOREIGN KEY (order_item_id) REFERENCES public.orders_orderitem(id) DEFERRABLE INITIALLY DEFERRED;


--
-- Name: products_attributevalue products_attributeva_attribute_id_82b9ba3c_fk_products_; Type: FK CONSTRAINT; Schema: public; Owner: postgres
--

ALTER TABLE ONLY public.products_attributevalue
    ADD CONSTRAINT products_attributeva_attribute_id_82b9ba3c_fk_products_ FOREIGN KEY (attribute_id) REFERENCES public.products_attribute(id) DEFERRABLE INITIALLY DEFERRED;


--
-- Name: products_attributevalue products_attributeva_category_id_2cea6735_fk_products_; Type: FK CONSTRAINT; Schema: public; Owner: postgres
--

ALTER TABLE ONLY public.products_attributevalue
    ADD CONSTRAINT products_attributeva_category_id_2cea6735_fk_products_ FOREIGN KEY (category_id) REFERENCES public.products_category(id) DEFERRABLE INITIALLY DEFERRED;


--
-- Name: products_product products_product_category_id_9b594869_fk_products_category_id; Type: FK CONSTRAINT; Schema: public; Owner: postgres
--

ALTER TABLE ONLY public.products_product
    ADD CONSTRAINT products_product_category_id_9b594869_fk_products_category_id FOREIGN KEY (category_id) REFERENCES public.products_category(id) DEFERRABLE INITIALLY DEFERRED;


--
-- Name: users_address users_address_user_id_4c106ba4_fk_users_user_id; Type: FK CONSTRAINT; Schema: public; Owner: postgres
--

ALTER TABLE ONLY public.users_address
    ADD CONSTRAINT users_address_user_id_4c106ba4_fk_users_user_id FOREIGN KEY (user_id) REFERENCES public.users_user(id) DEFERRABLE INITIALLY DEFERRED;


--
-- Name: users_preferred users_preferred_product_id_b96f9825_fk_products_product_id; Type: FK CONSTRAINT; Schema: public; Owner: postgres
--

ALTER TABLE ONLY public.users_preferred
    ADD CONSTRAINT users_preferred_product_id_b96f9825_fk_products_product_id FOREIGN KEY (product_id) REFERENCES public.products_product(id) DEFERRABLE INITIALLY DEFERRED;


--
-- Name: users_preferred users_preferred_user_id_7c44b3d2_fk_users_user_id; Type: FK CONSTRAINT; Schema: public; Owner: postgres
--

ALTER TABLE ONLY public.users_preferred
    ADD CONSTRAINT users_preferred_user_id_7c44b3d2_fk_users_user_id FOREIGN KEY (user_id) REFERENCES public.users_user(id) DEFERRABLE INITIALLY DEFERRED;


--
-- Name: users_user_groups users_user_groups_group_id_9afc8d0e_fk_auth_group_id; Type: FK CONSTRAINT; Schema: public; Owner: postgres
--

ALTER TABLE ONLY public.users_user_groups
    ADD CONSTRAINT users_user_groups_group_id_9afc8d0e_fk_auth_group_id FOREIGN KEY (group_id) REFERENCES public.auth_group(id) DEFERRABLE INITIALLY DEFERRED;


--
-- Name: users_user_groups users_user_groups_user_id_5f6f5a90_fk_users_user_id; Type: FK CONSTRAINT; Schema: public; Owner: postgres
--

ALTER TABLE ONLY public.users_user_groups
    ADD CONSTRAINT users_user_groups_user_id_5f6f5a90_fk_users_user_id FOREIGN KEY (user_id) REFERENCES public.users_user(id) DEFERRABLE INITIALLY DEFERRED;


--
-- Name: users_user_user_permissions users_user_user_perm_permission_id_0b93982e_fk_auth_perm; Type: FK CONSTRAINT; Schema: public; Owner: postgres
--

ALTER TABLE ONLY public.users_user_user_permissions
    ADD CONSTRAINT users_user_user_perm_permission_id_0b93982e_fk_auth_perm FOREIGN KEY (permission_id) REFERENCES public.auth_permission(id) DEFERRABLE INITIALLY DEFERRED;


--
-- Name: users_user_user_permissions users_user_user_permissions_user_id_20aca447_fk_users_user_id; Type: FK CONSTRAINT; Schema: public; Owner: postgres
--

ALTER TABLE ONLY public.users_user_user_permissions
    ADD CONSTRAINT users_user_user_permissions_user_id_20aca447_fk_users_user_id FOREIGN KEY (user_id) REFERENCES public.users_user(id) DEFERRABLE INITIALLY DEFERRED;


--
-- Name: SCHEMA public; Type: ACL; Schema: -; Owner: pg_database_owner
--

REVOKE USAGE ON SCHEMA public FROM PUBLIC;
GRANT ALL ON SCHEMA public TO PUBLIC;


--
-- PostgreSQL database dump complete
--

--
-- Database "postgres" dump
--

--
-- PostgreSQL database dump
--

-- Dumped from database version 15.2 (Debian 15.2-1.pgdg110+1)
-- Dumped by pg_dump version 15.2 (Debian 15.2-1.pgdg110+1)

SET statement_timeout = 0;
SET lock_timeout = 0;
SET idle_in_transaction_session_timeout = 0;
SET client_encoding = 'UTF8';
SET standard_conforming_strings = on;
SELECT pg_catalog.set_config('search_path', '', false);
SET check_function_bodies = false;
SET xmloption = content;
SET client_min_messages = warning;
SET row_security = off;

DROP DATABASE postgres;
--
-- Name: postgres; Type: DATABASE; Schema: -; Owner: postgres
--

CREATE DATABASE postgres WITH TEMPLATE = template0 ENCODING = 'UTF8' LOCALE_PROVIDER = libc LOCALE = 'en_US.utf8';


ALTER DATABASE postgres OWNER TO postgres;

\connect postgres

SET statement_timeout = 0;
SET lock_timeout = 0;
SET idle_in_transaction_session_timeout = 0;
SET client_encoding = 'UTF8';
SET standard_conforming_strings = on;
SELECT pg_catalog.set_config('search_path', '', false);
SET check_function_bodies = false;
SET xmloption = content;
SET client_min_messages = warning;
SET row_security = off;

--
-- Name: DATABASE postgres; Type: COMMENT; Schema: -; Owner: postgres
--

COMMENT ON DATABASE postgres IS 'default administrative connection database';


--
-- PostgreSQL database dump complete
--

--
-- PostgreSQL database cluster dump complete
--

